,index,date,close,diff,open,high,low,volume
0,0,2014.12.30,22050.0,1800.0,22150.0,22500.0,20550.0,1235202.0
1,1,2015.01.02,22100.0,50.0,21200.0,22700.0,20650.0,786958.0
2,2,2015.01.05,21650.0,450.0,22800.0,23200.0,21150.0,577157.0
3,3,2015.01.06,20550.0,1100.0,21300.0,21650.0,20550.0,333614.0
4,4,2015.01.07,19500.0,1050.0,20200.0,20300.0,19150.0,438228.0
5,5,2015.01.08,20750.0,1250.0,19800.0,21600.0,19650.0,817826.0
6,6,2015.01.09,19800.0,950.0,21000.0,21200.0,19800.0,307980.0
7,7,2015.01.12,20900.0,1100.0,19800.0,21000.0,19750.0,346389.0
8,8,2015.01.13,21100.0,200.0,21000.0,22800.0,20600.0,628485.0
9,9,2015.01.14,20500.0,600.0,21050.0,21400.0,19600.0,235324.0
10,10,2015.01.15,21500.0,1000.0,20700.0,21850.0,20250.0,284182.0
11,11,2015.01.16,24700.0,3200.0,21150.0,24700.0,21100.0,1426905.0
12,12,2015.01.19,27450.0,2750.0,25600.0,28200.0,25000.0,1086135.0
13,13,2015.01.20,28050.0,600.0,27100.0,28200.0,26150.0,542813.0
14,14,2015.01.21,29000.0,950.0,27750.0,30300.0,27250.0,610319.0
15,15,2015.01.22,27500.0,1500.0,28900.0,29650.0,27500.0,309614.0
16,16,2015.01.23,28850.0,1350.0,28200.0,29800.0,27900.0,339017.0
17,17,2015.01.26,27350.0,1500.0,29100.0,29700.0,27350.0,309712.0
18,18,2015.01.27,27350.0,0.0,27400.0,28600.0,27050.0,267972.0
19,19,2015.01.28,27050.0,300.0,27100.0,27800.0,26900.0,126220.0
20,20,2015.01.29,26500.0,550.0,27100.0,29500.0,26150.0,561140.0
21,21,2015.01.30,25200.0,1300.0,26500.0,26900.0,25200.0,274163.0
22,22,2015.02.02,26500.0,1300.0,25350.0,26500.0,24900.0,190685.0
23,23,2015.02.03,27500.0,1000.0,26900.0,27700.0,25650.0,168158.0
24,24,2015.02.04,27250.0,250.0,27350.0,27900.0,26800.0,136223.0
25,25,2015.02.05,28350.0,1100.0,28250.0,28750.0,27650.0,291388.0
26,26,2015.02.06,27900.0,450.0,29150.0,30600.0,27200.0,535929.0
27,27,2015.02.09,27500.0,400.0,28100.0,28550.0,27150.0,152880.0
28,28,2015.02.10,27000.0,500.0,27450.0,28250.0,25950.0,121598.0
29,29,2015.02.11,27350.0,350.0,26900.0,27550.0,26450.0,118818.0
30,30,2015.02.12,27900.0,550.0,27500.0,28600.0,26700.0,325373.0
31,31,2015.02.13,26050.0,1850.0,27900.0,28000.0,25900.0,246789.0
32,32,2015.02.16,24400.0,1650.0,25900.0,26250.0,23500.0,265336.0
33,33,2015.02.17,24400.0,0.0,23900.0,25450.0,23800.0,110215.0
34,34,2015.02.23,24550.0,150.0,24150.0,24850.0,24150.0,52431.0
35,35,2015.02.24,26600.0,2050.0,24550.0,27700.0,24400.0,345763.0
36,36,2015.02.25,26600.0,0.0,26850.0,27450.0,25550.0,110946.0
37,37,2015.02.26,25750.0,850.0,27000.0,27150.0,25750.0,131352.0
38,38,2015.02.27,25500.0,250.0,25450.0,26350.0,25200.0,98112.0
39,39,2015.03.02,25750.0,250.0,25950.0,26450.0,25350.0,83610.0
40,40,2015.03.03,24800.0,950.0,25750.0,26000.0,24500.0,116871.0
41,41,2015.03.04,24850.0,50.0,24550.0,24900.0,24100.0,83991.0
42,42,2015.03.05,25350.0,500.0,25050.0,26300.0,24950.0,149285.0
43,43,2015.03.06,24500.0,850.0,25450.0,25750.0,24250.0,81403.0
44,44,2015.03.09,24550.0,50.0,24250.0,24650.0,23500.0,76164.0
45,45,2015.03.10,23650.0,900.0,25050.0,25050.0,23450.0,66627.0
46,46,2015.03.11,22750.0,900.0,22900.0,23300.0,22150.0,127231.0
47,47,2015.03.12,24250.0,1500.0,22900.0,25250.0,22250.0,246280.0
48,48,2015.03.13,23200.0,1050.0,24500.0,24550.0,23200.0,114836.0
49,49,2015.03.16,23750.0,550.0,23200.0,23850.0,22750.0,84810.0
50,50,2015.03.17,23000.0,750.0,23850.0,24150.0,22900.0,91788.0
51,51,2015.03.18,22700.0,300.0,23200.0,23600.0,22700.0,76807.0
52,52,2015.03.19,22700.0,0.0,23050.0,23050.0,22300.0,45267.0
53,53,2015.03.20,22700.0,0.0,22750.0,22950.0,22600.0,73134.0
54,54,2015.03.23,25100.0,2400.0,23000.0,25400.0,22850.0,306226.0
55,55,2015.03.24,24900.0,200.0,25050.0,25700.0,24450.0,173117.0
56,56,2015.03.25,25750.0,850.0,24700.0,26000.0,24600.0,159510.0
57,57,2015.03.26,26100.0,350.0,25500.0,26600.0,25300.0,148103.0
58,58,2015.03.27,25500.0,600.0,26100.0,27650.0,25500.0,184955.0
59,59,2015.03.30,25300.0,200.0,26200.0,26300.0,24500.0,109618.0
60,60,2015.03.31,27400.0,2100.0,25500.0,27850.0,25350.0,337411.0
61,61,2015.04.01,28200.0,800.0,27450.0,29000.0,27200.0,322262.0
62,62,2015.04.02,28400.0,200.0,28300.0,28900.0,27750.0,114821.0
63,63,2015.04.03,27650.0,750.0,28700.0,29000.0,27550.0,97339.0
64,64,2015.04.06,27700.0,50.0,28000.0,28400.0,27400.0,69431.0
65,65,2015.04.07,30050.0,2350.0,28000.0,30400.0,27700.0,361208.0
66,66,2015.04.08,29900.0,150.0,30350.0,30650.0,29300.0,178181.0
67,67,2015.04.09,29950.0,50.0,30050.0,30550.0,29350.0,165273.0
68,68,2015.04.10,29550.0,400.0,29600.0,29950.0,28950.0,153197.0
69,69,2015.04.13,27500.0,2050.0,29900.0,30000.0,27500.0,205141.0
70,70,2015.04.14,27600.0,100.0,27900.0,28500.0,26950.0,139302.0
71,71,2015.04.15,27800.0,200.0,28300.0,28700.0,27600.0,162606.0
72,72,2015.04.16,29800.0,2000.0,28100.0,30450.0,27600.0,321735.0
73,73,2015.04.17,29700.0,100.0,30300.0,30500.0,28800.0,128022.0
74,74,2015.04.20,28650.0,1050.0,29100.0,29500.0,28450.0,133200.0
75,75,2015.04.21,29000.0,350.0,29300.0,29350.0,28200.0,99591.0
76,76,2015.04.22,26800.0,2200.0,29300.0,29300.0,25400.0,224896.0
77,77,2015.04.23,26350.0,450.0,27400.0,27400.0,25900.0,115889.0
78,78,2015.04.24,26600.0,250.0,26250.0,27200.0,26150.0,42048.0
79,79,2015.04.27,26050.0,550.0,27100.0,27150.0,25450.0,88488.0
80,80,2015.04.28,27400.0,1350.0,26100.0,27650.0,25650.0,78112.0
81,81,2015.04.29,27700.0,300.0,28650.0,29150.0,27500.0,186025.0
82,82,2015.04.30,26300.0,1400.0,27500.0,28000.0,26100.0,78467.0
83,83,2015.05.04,25200.0,1100.0,25900.0,26200.0,25000.0,79502.0
84,84,2015.05.06,23400.0,1800.0,24600.0,25900.0,23150.0,147390.0
85,85,2015.05.07,24500.0,1100.0,23000.0,24700.0,22100.0,135312.0
86,86,2015.05.08,24000.0,500.0,24300.0,25050.0,23950.0,65965.0
87,87,2015.05.11,23900.0,100.0,24500.0,24600.0,23200.0,129678.0
88,88,2015.05.12,23000.0,900.0,23650.0,23800.0,22350.0,177664.0
89,89,2015.05.13,23150.0,150.0,22900.0,23500.0,22700.0,59624.0
90,90,2015.05.14,26600.0,3450.0,23450.0,26600.0,23450.0,236783.0
91,91,2015.05.15,30550.0,3950.0,27800.0,30550.0,27500.0,744698.0
92,92,2015.05.18,31450.0,900.0,31100.0,31600.0,29650.0,450779.0
93,93,2015.05.19,32350.0,900.0,31450.0,32700.0,30950.0,263727.0
94,94,2015.05.20,34750.0,2400.0,32600.0,36900.0,31250.0,307414.0
95,95,2015.05.21,35700.0,950.0,34200.0,35950.0,34200.0,145906.0
96,96,2015.05.22,35000.0,700.0,35200.0,35950.0,34500.0,80392.0
97,97,2015.05.26,36500.0,1500.0,34600.0,38450.0,33100.0,136752.0
98,98,2015.05.27,35000.0,1500.0,36800.0,36800.0,34750.0,72114.0
99,99,2015.05.28,37200.0,2200.0,35000.0,37900.0,34900.0,148672.0
100,100,2015.05.29,37300.0,100.0,36700.0,37400.0,35850.0,91145.0
101,101,2015.06.01,36700.0,600.0,36800.0,37800.0,36200.0,47222.0
102,102,2015.06.02,37000.0,300.0,36700.0,38250.0,36200.0,78793.0
103,103,2015.06.03,42550.0,5550.0,36700.0,42550.0,36700.0,304638.0
104,104,2015.06.04,41200.0,1350.0,42550.0,43500.0,40200.0,135676.0
105,105,2015.06.05,40850.0,350.0,41400.0,41400.0,39200.0,84151.0
106,106,2015.06.08,40850.0,0.0,40500.0,41400.0,39800.0,57123.0
107,107,2015.06.09,40750.0,100.0,40950.0,41050.0,39550.0,51661.0
108,108,2015.06.10,41350.0,600.0,40850.0,43100.0,40200.0,127900.0
109,109,2015.06.11,40500.0,850.0,41550.0,42400.0,40500.0,43856.0
110,110,2015.06.12,39800.0,700.0,40600.0,41900.0,38800.0,104425.0
111,111,2015.06.15,40100.0,300.0,39800.0,41500.0,38200.0,81807.0
112,112,2015.06.16,38500.0,1600.0,39750.0,40000.0,37550.0,153015.0
113,113,2015.06.17,37950.0,550.0,38200.0,38300.0,36200.0,437459.0
114,114,2015.06.18,38100.0,150.0,38500.0,39200.0,37250.0,143863.0
115,115,2015.06.19,39750.0,1650.0,38100.0,39750.0,37400.0,86916.0
116,116,2015.06.22,38650.0,1100.0,39850.0,39950.0,37600.0,102863.0
117,117,2015.06.23,41450.0,2800.0,38950.0,41550.0,37700.0,211712.0
118,118,2015.06.24,41900.0,450.0,41000.0,42950.0,40800.0,80526.0
119,119,2015.06.25,41250.0,650.0,41500.0,42100.0,40900.0,53392.0
120,120,2015.06.26,43650.0,2400.0,41250.0,44350.0,40800.0,162536.0
121,121,2015.06.29,41100.0,2550.0,42900.0,43100.0,40250.0,76981.0
122,122,2015.06.30,42000.0,900.0,40800.0,42050.0,38500.0,95392.0
123,123,2015.07.01,42400.0,400.0,41900.0,42700.0,41150.0,42955.0
124,124,2015.07.02,42400.0,0.0,42750.0,43500.0,40100.0,76585.0
125,125,2015.07.03,41600.0,800.0,42400.0,42450.0,40350.0,49435.0
126,126,2015.07.06,38350.0,3250.0,40700.0,41000.0,38350.0,103696.0
127,127,2015.07.07,37600.0,750.0,38850.0,40300.0,37500.0,64906.0
128,128,2015.07.08,38500.0,900.0,38000.0,39900.0,37450.0,83936.0
129,129,2015.07.09,38500.0,0.0,38550.0,38550.0,36600.0,54910.0
130,130,2015.07.10,39100.0,600.0,39300.0,39550.0,38500.0,46037.0
131,131,2015.07.13,39950.0,850.0,39150.0,40000.0,38500.0,46922.0
132,132,2015.07.14,39750.0,200.0,40750.0,40850.0,39400.0,31695.0
133,133,2015.07.15,39300.0,450.0,39750.0,40600.0,39300.0,41150.0
134,134,2015.07.16,39150.0,150.0,39200.0,39600.0,38000.0,47955.0
135,135,2015.07.17,38150.0,1000.0,39150.0,39200.0,37550.0,48654.0
136,136,2015.07.20,36850.0,1300.0,38050.0,38400.0,36850.0,54344.0
137,137,2015.07.21,36900.0,50.0,37000.0,37750.0,36550.0,32218.0
138,138,2015.07.22,37550.0,650.0,37200.0,38500.0,36900.0,49531.0
139,139,2015.07.23,37150.0,400.0,37350.0,38200.0,36500.0,29137.0
140,140,2015.07.24,35700.0,1450.0,36700.0,37400.0,35550.0,46227.0
141,141,2015.07.27,34700.0,1000.0,35700.0,36000.0,33500.0,38045.0
142,142,2015.07.28,33950.0,750.0,34700.0,34700.0,31600.0,31190.0
143,143,2015.07.29,32950.0,1000.0,34400.0,34700.0,32350.0,31031.0
144,144,2015.07.30,29700.0,3250.0,33000.0,33950.0,29700.0,65463.0
145,145,2015.07.31,30850.0,1150.0,29600.0,31000.0,28350.0,60258.0
146,146,2015.08.03,30550.0,300.0,30300.0,31600.0,29400.0,30071.0
147,147,2015.08.04,31900.0,1350.0,30550.0,32300.0,29050.0,68140.0
148,148,2015.08.05,32050.0,150.0,31950.0,32850.0,31700.0,13947.0
149,149,2015.08.06,31650.0,400.0,31750.0,32500.0,31200.0,20471.0
150,150,2015.08.07,32100.0,450.0,31650.0,32550.0,31050.0,24433.0
151,151,2015.08.10,31950.0,150.0,32150.0,32350.0,31600.0,9479.0
152,152,2015.08.11,30500.0,1450.0,31950.0,32200.0,29400.0,32105.0
153,153,2015.08.12,25150.0,5350.0,30350.0,30500.0,24200.0,184890.0
154,154,2015.08.13,25450.0,300.0,25700.0,26400.0,25150.0,58797.0
155,155,2015.08.17,25300.0,150.0,25650.0,26450.0,25200.0,41746.0
156,156,2015.08.18,19400.0,5900.0,23500.0,24100.0,19400.0,389921.0
157,157,2015.08.19,17650.0,1750.0,19350.0,19350.0,16250.0,312188.0
158,158,2015.08.20,17100.0,550.0,17650.0,18400.0,16900.0,157270.0
159,159,2015.08.21,16650.0,450.0,16050.0,16650.0,15450.0,157489.0
160,160,2015.08.24,15700.0,950.0,16250.0,17300.0,15500.0,174100.0
161,161,2015.08.25,17200.0,1500.0,16400.0,17750.0,15800.0,208519.0
162,162,2015.08.26,17700.0,500.0,17050.0,17850.0,16700.0,164190.0
163,163,2015.08.27,17950.0,250.0,18250.0,19450.0,17650.0,277537.0
164,164,2015.08.28,17500.0,450.0,18500.0,18800.0,17500.0,245345.0
165,165,2015.08.31,19350.0,1850.0,17850.0,20300.0,17600.0,583341.0
166,166,2015.09.01,18400.0,950.0,19300.0,19500.0,18350.0,230715.0
167,167,2015.09.02,18050.0,350.0,17750.0,18250.0,17300.0,248092.0
168,168,2015.09.03,18550.0,500.0,18500.0,19450.0,18150.0,292647.0
169,169,2015.09.04,18000.0,550.0,18700.0,18850.0,17050.0,187049.0
170,170,2015.09.07,17650.0,350.0,17800.0,18150.0,17300.0,62005.0
171,171,2015.09.08,17500.0,150.0,17700.0,18350.0,17250.0,93362.0
172,172,2015.09.09,18100.0,600.0,18000.0,18350.0,17600.0,83382.0
173,173,2015.09.10,18600.0,500.0,17800.0,18600.0,17450.0,121358.0
174,174,2015.09.11,18800.0,200.0,18600.0,19250.0,18300.0,126670.0
175,175,2015.09.14,18550.0,250.0,18950.0,19400.0,18450.0,65846.0
176,176,2015.09.15,18200.0,350.0,18700.0,19000.0,18150.0,64930.0
177,177,2015.09.16,18300.0,100.0,18450.0,18550.0,18100.0,67303.0
178,178,2015.09.17,18300.0,0.0,18500.0,18800.0,17900.0,94785.0
179,179,2015.09.18,19050.0,750.0,18500.0,19050.0,18050.0,101985.0
180,180,2015.09.21,18800.0,250.0,18800.0,19050.0,18500.0,67190.0
181,181,2015.09.22,18250.0,550.0,19150.0,19150.0,18250.0,118430.0
182,182,2015.09.23,17250.0,1000.0,18000.0,18050.0,17250.0,149857.0
183,183,2015.09.24,17100.0,150.0,17300.0,17500.0,16800.0,91348.0
184,184,2015.09.25,16800.0,300.0,17000.0,17200.0,16350.0,64947.0
185,185,2015.09.30,16500.0,300.0,16400.0,16600.0,16100.0,62880.0
186,186,2015.10.01,16750.0,250.0,16750.0,17000.0,16450.0,49881.0
187,187,2015.10.02,17300.0,550.0,16750.0,17750.0,16700.0,133201.0
188,188,2015.10.05,17600.0,300.0,17500.0,18100.0,17300.0,89175.0
189,189,2015.10.06,17450.0,150.0,17600.0,17800.0,17250.0,31754.0
190,190,2015.10.07,17750.0,300.0,17400.0,18000.0,17400.0,64940.0
191,191,2015.10.08,17200.0,550.0,17900.0,17900.0,16950.0,45455.0
192,192,2015.10.12,16700.0,500.0,17350.0,17350.0,16650.0,56366.0
193,193,2015.10.13,16850.0,150.0,16650.0,17000.0,16650.0,43062.0
194,194,2015.10.14,16500.0,350.0,16800.0,16950.0,16500.0,41446.0
195,195,2015.10.15,16750.0,250.0,16500.0,16900.0,16500.0,25016.0
196,196,2015.10.16,16700.0,50.0,16900.0,16900.0,16500.0,20321.0
197,197,2015.10.19,16400.0,300.0,16900.0,16900.0,16200.0,32547.0
198,198,2015.10.20,15950.0,450.0,16350.0,16350.0,15800.0,77380.0
199,199,2015.10.21,16850.0,900.0,16300.0,17800.0,16150.0,245416.0
200,200,2015.10.22,16450.0,400.0,17100.0,17100.0,16450.0,49185.0
201,201,2015.10.23,16200.0,250.0,16600.0,16850.0,16000.0,72405.0
202,202,2015.10.26,16450.0,250.0,16200.0,16500.0,15800.0,60361.0
203,203,2015.10.27,16050.0,400.0,16350.0,16400.0,15950.0,46803.0
204,204,2015.10.28,15700.0,350.0,16050.0,16250.0,15650.0,75094.0
205,205,2015.10.29,15500.0,200.0,15800.0,15800.0,15450.0,56982.0
206,206,2015.10.30,15100.0,400.0,15650.0,15900.0,15000.0,62905.0
207,207,2015.11.02,15100.0,0.0,15000.0,15400.0,14900.0,45510.0
208,208,2015.11.03,15350.0,250.0,15150.0,15600.0,15050.0,34088.0
209,209,2015.11.04,15200.0,150.0,15400.0,15400.0,15000.0,28052.0
210,210,2015.11.05,15050.0,150.0,15250.0,15300.0,14850.0,49362.0
211,211,2015.11.06,15350.0,300.0,15000.0,15450.0,14900.0,43340.0
212,212,2015.11.09,15500.0,150.0,15450.0,15750.0,15150.0,42332.0
213,213,2015.11.10,14750.0,750.0,15500.0,15600.0,14750.0,67591.0
214,214,2015.11.11,14400.0,350.0,14500.0,14900.0,14300.0,51935.0
215,215,2015.11.12,14250.0,150.0,14400.0,14650.0,14150.0,31739.0
216,216,2015.11.13,13300.0,950.0,14150.0,14250.0,13200.0,123692.0
217,217,2015.11.16,12200.0,1100.0,13100.0,13100.0,12100.0,81300.0
218,218,2015.11.17,12650.0,450.0,12400.0,12850.0,12300.0,60134.0
219,219,2015.11.18,12400.0,250.0,12650.0,12700.0,12100.0,86021.0
220,220,2015.11.19,12950.0,550.0,12450.0,13100.0,12350.0,64485.0
221,221,2015.11.20,13000.0,50.0,13000.0,13300.0,12750.0,30709.0
222,222,2015.11.23,13100.0,100.0,13100.0,13600.0,12900.0,34414.0
223,223,2015.11.24,13250.0,150.0,13150.0,13350.0,13050.0,25137.0
224,224,2015.11.25,12850.0,400.0,13400.0,13400.0,12700.0,38122.0
225,225,2015.11.26,13250.0,400.0,12850.0,13600.0,12700.0,47623.0
226,226,2015.11.27,13350.0,100.0,13550.0,13750.0,13150.0,36675.0
227,227,2015.11.30,12700.0,650.0,13300.0,13450.0,12700.0,44992.0
228,228,2015.12.01,12600.0,100.0,12700.0,12850.0,12550.0,39931.0
229,229,2015.12.02,12650.0,50.0,12800.0,12800.0,12500.0,27175.0
230,230,2015.12.03,12300.0,350.0,12650.0,12650.0,12050.0,41883.0
231,231,2015.12.04,12100.0,200.0,12150.0,12300.0,11900.0,45272.0
232,232,2015.12.07,13000.0,900.0,12300.0,13600.0,12100.0,107987.0
233,233,2015.12.08,12650.0,350.0,12900.0,13200.0,12550.0,68031.0
234,234,2015.12.09,12350.0,300.0,12650.0,12900.0,12300.0,37262.0
235,235,2015.12.10,12300.0,50.0,12300.0,12500.0,12050.0,31712.0
236,236,2015.12.11,12050.0,250.0,12200.0,12400.0,12050.0,25629.0
237,237,2015.12.14,11000.0,1050.0,11850.0,11900.0,11000.0,71584.0
238,238,2015.12.15,11750.0,750.0,10950.0,11850.0,10950.0,44161.0
239,239,2015.12.16,11700.0,50.0,11950.0,12000.0,11550.0,36632.0
240,240,2015.12.17,12600.0,900.0,11750.0,12700.0,11750.0,67821.0
241,241,2015.12.18,12800.0,200.0,12550.0,12800.0,12250.0,54409.0
242,242,2015.12.21,12750.0,50.0,12800.0,12900.0,12550.0,32386.0
243,243,2015.12.22,13200.0,450.0,12850.0,13200.0,12700.0,38823.0
244,244,2015.12.23,13050.0,150.0,13300.0,13300.0,12900.0,36422.0
245,245,2015.12.24,12850.0,200.0,13050.0,13200.0,12800.0,20195.0
246,246,2015.12.28,12900.0,50.0,12750.0,13100.0,12700.0,35901.0
247,247,2015.12.29,12650.0,250.0,12900.0,12900.0,12500.0,28485.0
248,248,2015.12.30,13350.0,700.0,12600.0,13700.0,12500.0,122721.0
249,249,2016.01.04,14400.0,1050.0,13400.0,15300.0,13350.0,292093.0
250,250,2016.01.05,14500.0,100.0,14400.0,15100.0,14100.0,231241.0
251,251,2016.01.06,14300.0,200.0,14550.0,14550.0,13850.0,113143.0
252,252,2016.01.07,13550.0,750.0,14050.0,14400.0,13450.0,109898.0
253,253,2016.01.08,13150.0,400.0,13300.0,13300.0,12700.0,97829.0
254,254,2016.01.11,14500.0,1350.0,13400.0,15200.0,13350.0,449860.0
255,255,2016.01.12,14500.0,0.0,14650.0,15050.0,14000.0,179093.0
256,256,2016.01.13,14400.0,100.0,14800.0,14900.0,14200.0,103216.0
257,257,2016.01.14,13900.0,500.0,14000.0,14050.0,13400.0,112836.0
258,258,2016.01.15,13750.0,150.0,14100.0,14450.0,13700.0,120077.0
259,259,2016.01.18,14500.0,750.0,13450.0,14550.0,13400.0,92116.0
260,260,2016.01.19,14000.0,500.0,14300.0,14600.0,13800.0,110006.0
261,261,2016.01.20,12100.0,1900.0,14200.0,14200.0,12100.0,278362.0
262,262,2016.01.21,12000.0,100.0,12200.0,12600.0,11900.0,93338.0
263,263,2016.01.22,11750.0,250.0,12150.0,12200.0,11550.0,131086.0
264,264,2016.01.25,12050.0,300.0,11850.0,12200.0,11700.0,57478.0
265,265,2016.01.26,11950.0,100.0,11950.0,12100.0,11750.0,43043.0
266,266,2016.01.27,11850.0,100.0,12000.0,12350.0,11800.0,52883.0
267,267,2016.01.28,12000.0,150.0,11850.0,12000.0,11750.0,24393.0
268,268,2016.01.29,11650.0,350.0,12100.0,12100.0,11350.0,105286.0
269,269,2016.02.01,11400.0,250.0,11650.0,11750.0,11300.0,59265.0
270,270,2016.02.02,11350.0,50.0,11300.0,11450.0,11050.0,56532.0
271,271,2016.02.03,10750.0,600.0,11050.0,11250.0,10750.0,74294.0
272,272,2016.02.04,11100.0,350.0,10750.0,11200.0,10650.0,63673.0
273,273,2016.02.05,10800.0,300.0,10900.0,11100.0,10600.0,89373.0
274,274,2016.02.11,10100.0,700.0,10250.0,10750.0,9990.0,66416.0
275,275,2016.02.12,9190.0,910.0,9630.0,9870.0,8810.0,167440.0
276,276,2016.02.15,9490.0,300.0,9220.0,9650.0,9190.0,41927.0
277,277,2016.02.16,9690.0,200.0,9420.0,9740.0,9420.0,40822.0
278,278,2016.02.17,9640.0,50.0,9730.0,9800.0,9530.0,27044.0
279,279,2016.02.18,9840.0,200.0,9700.0,10150.0,9700.0,50653.0
280,280,2016.02.19,9960.0,120.0,9770.0,10050.0,9770.0,18979.0
281,281,2016.02.22,9940.0,20.0,10000.0,10050.0,9770.0,28745.0
282,282,2016.02.23,10000.0,60.0,9930.0,10100.0,9840.0,26781.0
283,283,2016.02.24,10600.0,600.0,9870.0,11000.0,9870.0,143384.0
284,284,2016.02.25,10200.0,400.0,10650.0,10800.0,10100.0,51676.0
285,285,2016.02.26,10150.0,50.0,10250.0,10400.0,10100.0,35542.0
286,286,2016.02.29,10300.0,150.0,10300.0,10550.0,10150.0,36172.0
287,287,2016.03.02,10550.0,250.0,10400.0,10600.0,10350.0,39745.0
288,288,2016.03.03,10300.0,250.0,10500.0,10500.0,10200.0,38188.0
289,289,2016.03.04,10350.0,50.0,10300.0,10450.0,10000.0,61280.0
290,290,2016.03.07,10900.0,550.0,10500.0,11100.0,10450.0,107241.0
291,291,2016.03.08,11400.0,500.0,10800.0,11450.0,10750.0,81805.0
292,292,2016.03.09,11400.0,0.0,11300.0,11500.0,11150.0,42915.0
293,293,2016.03.10,11400.0,0.0,11300.0,11750.0,11200.0,97331.0
294,294,2016.03.11,11850.0,450.0,11550.0,11950.0,11450.0,98933.0
295,295,2016.03.14,11550.0,300.0,11950.0,12450.0,11350.0,90599.0
296,296,2016.03.15,11250.0,300.0,11550.0,11750.0,11100.0,60430.0
297,297,2016.03.16,11300.0,50.0,11300.0,11400.0,11150.0,25938.0
298,298,2016.03.17,11200.0,100.0,11300.0,11450.0,11100.0,37437.0
299,299,2016.03.18,11300.0,100.0,11200.0,11400.0,11000.0,48919.0
300,300,2016.03.21,11400.0,100.0,11200.0,11650.0,11150.0,43901.0
301,301,2016.03.22,11150.0,250.0,11400.0,11600.0,11150.0,38580.0
302,302,2016.03.23,11250.0,100.0,11200.0,11300.0,11000.0,53850.0
303,303,2016.03.24,11150.0,100.0,11250.0,11350.0,11050.0,35211.0
304,304,2016.03.25,10500.0,650.0,11100.0,11200.0,10500.0,88694.0
305,305,2016.03.28,11600.0,1100.0,10550.0,12300.0,10350.0,374771.0
306,306,2016.03.29,11200.0,400.0,11700.0,11700.0,11200.0,119425.0
307,307,2016.03.30,11350.0,150.0,11350.0,11500.0,11000.0,102236.0
308,308,2016.03.31,14750.0,3400.0,11400.0,14750.0,11400.0,2115668.0
309,309,2016.04.01,15400.0,650.0,14400.0,15550.0,14000.0,1110166.0
310,310,2016.04.04,15800.0,400.0,15000.0,15800.0,14550.0,650860.0
311,311,2016.04.05,14200.0,1600.0,16200.0,16200.0,14200.0,479001.0
312,312,2016.04.06,14300.0,100.0,14450.0,14850.0,13800.0,490700.0
313,313,2016.04.07,13800.0,500.0,14450.0,14450.0,13450.0,360000.0
314,314,2016.04.08,14100.0,300.0,13800.0,14600.0,13700.0,415473.0
315,315,2016.04.11,13500.0,600.0,14100.0,14300.0,13350.0,226159.0
316,316,2016.04.12,14100.0,600.0,13700.0,14400.0,13350.0,294171.0
317,317,2016.04.14,12950.0,1150.0,13100.0,13450.0,12700.0,318111.0
318,318,2016.04.15,13100.0,150.0,12950.0,13300.0,12400.0,168031.0
319,319,2016.04.18,13100.0,0.0,13350.0,13750.0,13100.0,131973.0
320,320,2016.04.19,13200.0,100.0,13600.0,13600.0,13000.0,61162.0
321,321,2016.04.20,13000.0,200.0,13300.0,13450.0,12750.0,82908.0
322,322,2016.04.21,13400.0,400.0,12950.0,13900.0,12850.0,208854.0
323,323,2016.04.22,14450.0,1050.0,13500.0,14800.0,13500.0,491568.0
324,324,2016.04.25,14200.0,250.0,14300.0,14400.0,13850.0,164889.0
325,325,2016.04.26,13750.0,450.0,14200.0,14600.0,13400.0,166968.0
326,326,2016.04.27,13400.0,350.0,13900.0,13950.0,13350.0,88709.0
327,327,2016.04.28,13350.0,50.0,13500.0,13750.0,13300.0,84760.0
328,328,2016.04.29,13700.0,350.0,13400.0,13800.0,13350.0,122044.0
329,329,2016.05.02,13050.0,650.0,13800.0,14000.0,13050.0,102915.0
330,330,2016.05.03,13200.0,150.0,13100.0,13300.0,12600.0,96987.0
331,331,2016.05.04,13200.0,0.0,13150.0,13500.0,13000.0,53556.0
332,332,2016.05.09,12900.0,300.0,13250.0,13400.0,12900.0,37505.0
333,333,2016.05.10,13000.0,100.0,12800.0,13150.0,12800.0,53113.0
334,334,2016.05.11,12900.0,100.0,13050.0,13150.0,12850.0,49036.0
335,335,2016.05.12,12500.0,400.0,12900.0,12900.0,12300.0,156063.0
336,336,2016.05.13,12400.0,100.0,12450.0,12550.0,12200.0,99282.0
337,337,2016.05.16,12950.0,550.0,12450.0,13000.0,12250.0,116552.0
338,338,2016.05.17,13150.0,200.0,12650.0,13450.0,12350.0,184734.0
339,339,2016.05.18,12750.0,400.0,13250.0,13250.0,12750.0,74210.0
340,340,2016.05.19,13000.0,250.0,12650.0,13150.0,12500.0,71656.0
341,341,2016.05.20,13050.0,50.0,13100.0,13700.0,13000.0,114363.0
342,342,2016.05.23,12750.0,300.0,13250.0,13350.0,12700.0,62061.0
343,343,2016.05.24,13150.0,400.0,12800.0,13150.0,12550.0,69934.0
344,344,2016.05.25,12750.0,400.0,13350.0,13400.0,12750.0,60287.0
345,345,2016.05.26,12500.0,250.0,12750.0,13050.0,12350.0,93592.0
346,346,2016.05.27,12600.0,100.0,12550.0,12700.0,12450.0,60794.0
347,347,2016.05.30,12600.0,0.0,12700.0,12750.0,12350.0,47783.0
348,348,2016.05.31,12500.0,100.0,12550.0,12700.0,12450.0,43738.0
349,349,2016.06.01,12700.0,200.0,12500.0,13000.0,12500.0,69023.0
350,350,2016.06.02,13900.0,1200.0,12900.0,14400.0,12800.0,660231.0
351,351,2016.06.03,14350.0,450.0,14050.0,14600.0,13750.0,311699.0
352,352,2016.06.07,14200.0,150.0,14350.0,14850.0,14100.0,179694.0
353,353,2016.06.08,14200.0,0.0,14000.0,14350.0,13850.0,118334.0
354,354,2016.06.09,14500.0,300.0,14050.0,15150.0,13950.0,385701.0
355,355,2016.06.10,14500.0,0.0,14550.0,14800.0,14250.0,131069.0
356,356,2016.06.13,14400.0,100.0,14350.0,14900.0,14150.0,137330.0
357,357,2016.06.14,13400.0,1000.0,14050.0,14300.0,13400.0,209811.0
358,358,2016.06.15,13450.0,50.0,13400.0,13700.0,13050.0,87646.0
359,359,2016.06.16,11750.0,1700.0,13300.0,13650.0,11500.0,354564.0
360,360,2016.06.17,11500.0,250.0,11900.0,12200.0,11400.0,110253.0
361,361,2016.06.20,11550.0,50.0,11500.0,11700.0,11250.0,106030.0
362,362,2016.06.21,10950.0,600.0,11550.0,11700.0,10850.0,182153.0
363,363,2016.06.22,10650.0,300.0,11000.0,11100.0,10650.0,95983.0
364,364,2016.06.23,10300.0,350.0,10700.0,10700.0,10100.0,154600.0
365,365,2016.06.24,9560.0,740.0,10500.0,10600.0,9330.0,303581.0
366,366,2016.06.27,9530.0,30.0,9130.0,9680.0,9100.0,107277.0
367,367,2016.06.28,9740.0,210.0,9430.0,9800.0,9360.0,80431.0
368,368,2016.06.29,10000.0,260.0,9860.0,10150.0,9740.0,119513.0
369,369,2016.06.30,9870.0,130.0,10100.0,10100.0,9800.0,94449.0
370,370,2016.07.01,10250.0,380.0,9870.0,10350.0,9850.0,74281.0
371,371,2016.07.04,10300.0,50.0,10250.0,10400.0,10050.0,63021.0
372,372,2016.07.05,10550.0,250.0,10300.0,10950.0,10200.0,130570.0
373,373,2016.07.06,10250.0,300.0,10750.0,10800.0,10250.0,52512.0
374,374,2016.07.07,10600.0,350.0,10300.0,10600.0,10250.0,37069.0
375,375,2016.07.08,10250.0,350.0,10550.0,10650.0,10100.0,52057.0
376,376,2016.07.11,10450.0,200.0,10350.0,10550.0,10200.0,45594.0
377,377,2016.07.12,10250.0,200.0,10500.0,10550.0,10250.0,47632.0
378,378,2016.07.13,10950.0,700.0,10300.0,11300.0,10300.0,219307.0
379,379,2016.07.14,11100.0,150.0,11100.0,11100.0,10800.0,51296.0
380,380,2016.07.15,11000.0,100.0,11200.0,11350.0,10850.0,82895.0
381,381,2016.07.18,11050.0,50.0,11000.0,11100.0,10900.0,32112.0
382,382,2016.07.19,11400.0,350.0,11300.0,11900.0,11250.0,304230.0
383,383,2016.07.20,11400.0,0.0,11450.0,11700.0,11200.0,74471.0
384,384,2016.07.21,11050.0,350.0,11550.0,11650.0,11050.0,80782.0
385,385,2016.07.22,11100.0,50.0,10950.0,11200.0,10900.0,27182.0
386,386,2016.07.25,11200.0,100.0,11150.0,11500.0,11000.0,37572.0
387,387,2016.07.26,12200.0,1000.0,11300.0,12500.0,11300.0,508397.0
388,388,2016.07.27,11700.0,500.0,12150.0,12150.0,11700.0,103926.0
389,389,2016.07.28,11950.0,250.0,11750.0,12000.0,11600.0,88615.0
390,390,2016.07.29,12300.0,350.0,12050.0,12450.0,11850.0,143370.0
391,391,2016.08.01,11800.0,500.0,12300.0,12500.0,11750.0,98751.0
392,392,2016.08.02,11200.0,600.0,11750.0,11850.0,11100.0,156828.0
393,393,2016.08.03,10550.0,650.0,11100.0,11150.0,10550.0,125196.0
394,394,2016.08.04,10600.0,50.0,10700.0,10800.0,10400.0,61849.0
395,395,2016.08.05,10700.0,100.0,10650.0,10950.0,10650.0,58231.0
396,396,2016.08.08,10950.0,250.0,10850.0,11200.0,10500.0,88329.0
397,397,2016.08.09,11200.0,250.0,11000.0,11300.0,10800.0,54629.0
398,398,2016.08.10,11200.0,0.0,11200.0,11450.0,11050.0,47406.0
399,399,2016.08.11,10850.0,350.0,11100.0,11200.0,10850.0,37154.0
400,400,2016.08.12,10900.0,50.0,11000.0,11050.0,10700.0,38453.0
401,401,2016.08.16,10650.0,250.0,10900.0,11000.0,10600.0,34488.0
402,402,2016.08.17,10750.0,100.0,10500.0,10750.0,10200.0,72964.0
403,403,2016.08.18,10800.0,50.0,10800.0,10850.0,10500.0,31006.0
404,404,2016.08.19,10700.0,100.0,10700.0,10950.0,10650.0,30138.0
405,405,2016.08.22,10650.0,50.0,10700.0,10850.0,10550.0,30227.0
406,406,2016.08.23,10600.0,50.0,10650.0,10850.0,10550.0,21250.0
407,407,2016.08.24,10550.0,50.0,10750.0,10800.0,10350.0,25558.0
408,408,2016.08.25,10600.0,50.0,10500.0,10650.0,10400.0,20701.0
409,409,2016.08.26,10400.0,200.0,10550.0,10700.0,10400.0,31623.0
410,410,2016.08.29,9920.0,480.0,10400.0,10500.0,9850.0,76394.0
411,411,2016.08.30,10000.0,80.0,9920.0,10150.0,9920.0,31980.0
412,412,2016.08.31,9990.0,10.0,10000.0,10050.0,9640.0,34739.0
413,413,2016.09.01,9960.0,30.0,10000.0,10200.0,9870.0,14823.0
414,414,2016.09.02,10100.0,140.0,9880.0,10300.0,9880.0,17584.0
415,415,2016.09.05,10150.0,50.0,10050.0,10300.0,10050.0,10047.0
416,416,2016.09.06,10250.0,100.0,10050.0,10350.0,10050.0,18923.0
417,417,2016.09.07,10050.0,200.0,10200.0,10450.0,10050.0,13876.0
418,418,2016.09.08,9850.0,200.0,10000.0,10100.0,9720.0,43906.0
419,419,2016.09.09,9880.0,30.0,9700.0,10000.0,9700.0,16254.0
420,420,2016.09.12,9670.0,210.0,9830.0,9870.0,9600.0,27126.0
421,421,2016.09.13,9760.0,90.0,9690.0,9840.0,9680.0,16854.0
422,422,2016.09.19,9800.0,40.0,9630.0,9850.0,9630.0,10019.0
423,423,2016.09.20,10100.0,300.0,9710.0,10300.0,9710.0,19091.0
424,424,2016.09.21,10500.0,400.0,10050.0,10650.0,9970.0,41055.0
425,425,2016.09.22,10450.0,50.0,10600.0,10600.0,10200.0,19993.0
426,426,2016.09.23,10500.0,50.0,10550.0,10600.0,10250.0,28395.0
427,427,2016.09.26,10200.0,300.0,10350.0,10600.0,10050.0,38297.0
428,428,2016.09.27,10250.0,50.0,10250.0,10250.0,10050.0,12406.0
429,429,2016.09.28,10100.0,150.0,10200.0,10300.0,10050.0,19822.0
430,430,2016.09.29,10250.0,150.0,10100.0,10300.0,10050.0,21568.0
431,431,2016.09.30,10200.0,50.0,10200.0,10450.0,10100.0,21500.0
432,432,2016.10.04,10400.0,200.0,10250.0,10450.0,10250.0,17170.0
433,433,2016.10.05,11300.0,900.0,10400.0,11350.0,10400.0,164066.0
434,434,2016.10.06,11100.0,200.0,11300.0,11350.0,11000.0,52544.0
435,435,2016.10.07,10850.0,250.0,11150.0,11300.0,10850.0,35797.0
436,436,2016.10.10,11150.0,300.0,10900.0,11300.0,10800.0,42665.0
437,437,2016.10.11,10950.0,200.0,11100.0,11200.0,10650.0,43091.0
438,438,2016.10.12,10850.0,100.0,10850.0,11200.0,10650.0,26211.0
439,439,2016.10.13,11050.0,200.0,10850.0,11050.0,10600.0,39064.0
440,440,2016.10.14,10950.0,100.0,10900.0,11300.0,10900.0,25953.0
441,441,2016.10.17,11050.0,100.0,10950.0,11250.0,10950.0,29823.0
442,442,2016.10.18,11400.0,350.0,11000.0,11750.0,10900.0,194316.0
443,443,2016.10.19,11150.0,250.0,11550.0,11550.0,11150.0,58339.0
444,444,2016.10.20,11550.0,400.0,11150.0,11550.0,11100.0,75487.0
445,445,2016.10.21,11500.0,50.0,11550.0,11950.0,11400.0,129969.0
446,446,2016.10.24,10950.0,550.0,11400.0,11400.0,10950.0,70956.0
447,447,2016.10.25,10250.0,700.0,11150.0,11150.0,10250.0,116763.0
448,448,2016.10.26,10000.0,250.0,10200.0,10300.0,9950.0,94250.0
449,449,2016.10.27,10050.0,50.0,10250.0,10500.0,9980.0,104135.0
450,450,2016.10.28,11400.0,1350.0,10150.0,12950.0,10050.0,1655445.0
451,451,2016.10.31,11150.0,250.0,12000.0,12000.0,11150.0,321225.0
452,452,2016.11.01,11300.0,150.0,11150.0,11300.0,10750.0,234804.0
453,453,2016.11.02,12700.0,1400.0,11750.0,13500.0,11600.0,1984723.0
454,454,2016.11.03,12700.0,0.0,12600.0,12900.0,12250.0,409212.0
455,455,2016.11.04,12550.0,150.0,12750.0,13150.0,12400.0,359900.0
456,456,2016.11.07,13000.0,450.0,12550.0,13050.0,12350.0,251596.0
457,457,2016.11.08,12000.0,1000.0,13150.0,13250.0,12000.0,365085.0
458,458,2016.11.09,11150.0,850.0,11900.0,12200.0,10300.0,387721.0
459,459,2016.11.10,11350.0,200.0,11300.0,11750.0,11250.0,205263.0
460,460,2016.11.11,5910.0,140.0,6100.0,6830.0,5870.0,932255.0
461,461,2016.11.14,5900.0,10.0,5910.0,6270.0,5550.0,220178.0
462,462,2016.11.15,5740.0,160.0,5740.0,5930.0,5670.0,101170.0
463,463,2016.11.16,5780.0,40.0,5690.0,5840.0,5680.0,48818.0
464,464,2016.11.17,6050.0,270.0,5820.0,6050.0,5670.0,76387.0
465,465,2016.11.18,5990.0,60.0,6070.0,6090.0,5940.0,64530.0
466,466,2016.11.21,5750.0,240.0,5900.0,6000.0,5750.0,35117.0
467,467,2016.11.22,5800.0,50.0,5720.0,5960.0,5720.0,37432.0
468,468,2016.11.23,5540.0,260.0,5900.0,5900.0,5540.0,72847.0
469,469,2016.11.24,5530.0,10.0,5480.0,5570.0,5250.0,38217.0
470,470,2016.11.25,5760.0,230.0,5460.0,5850.0,5460.0,99432.0
471,471,2016.11.28,5860.0,100.0,5790.0,6500.0,5790.0,249594.0
472,472,2016.11.29,5410.0,450.0,5720.0,5720.0,5350.0,349910.0
473,473,2016.11.30,5230.0,180.0,5420.0,5420.0,5140.0,188694.0
474,474,2016.12.01,5310.0,80.0,5160.0,5360.0,5160.0,79754.0
475,475,2016.12.02,5150.0,160.0,5390.0,5390.0,5150.0,91298.0
476,476,2016.12.05,4990.0,160.0,5110.0,5110.0,4925.0,155569.0
477,477,2016.12.06,4955.0,35.0,4905.0,5040.0,4905.0,70059.0
478,478,2016.12.07,4950.0,5.0,4905.0,4985.0,4885.0,46303.0
479,479,2016.12.08,5200.0,250.0,4960.0,5620.0,4935.0,462201.0
480,480,2016.12.09,5230.0,30.0,5200.0,5300.0,5000.0,103429.0
481,481,2016.12.12,5330.0,100.0,5300.0,5430.0,5240.0,106861.0
482,482,2016.12.13,5350.0,20.0,5250.0,5430.0,5210.0,83760.0
483,483,2016.12.14,5370.0,20.0,5420.0,5530.0,5350.0,99378.0
484,484,2016.12.15,5550.0,180.0,5370.0,5780.0,5340.0,166111.0
485,485,2016.12.16,5490.0,60.0,5550.0,5590.0,5450.0,52372.0
486,486,2016.12.19,5560.0,70.0,5420.0,5590.0,5390.0,65118.0
487,487,2016.12.20,5630.0,70.0,5590.0,5790.0,5530.0,118558.0
488,488,2016.12.21,5920.0,290.0,5650.0,5930.0,5650.0,260884.0
489,489,2016.12.22,5850.0,70.0,6000.0,6000.0,5820.0,140068.0
490,490,2016.12.23,6000.0,150.0,5850.0,6170.0,5790.0,199702.0
491,491,2016.12.26,5670.0,330.0,5800.0,5910.0,5670.0,151164.0
492,492,2016.12.27,5660.0,10.0,5680.0,5730.0,5540.0,102059.0
493,493,2016.12.28,5640.0,20.0,5610.0,5760.0,5560.0,69553.0
494,494,2016.12.29,5660.0,20.0,5750.0,5790.0,5650.0,72584.0
495,495,2017.01.02,5920.0,260.0,5660.0,5920.0,5660.0,94106.0
496,496,2017.01.03,6300.0,380.0,5920.0,6300.0,5830.0,311159.0
497,497,2017.01.04,6150.0,150.0,6280.0,6370.0,6130.0,175665.0
498,498,2017.01.05,6220.0,70.0,6170.0,6290.0,6160.0,80221.0
499,499,2017.01.06,6200.0,20.0,6330.0,6380.0,6130.0,114488.0
500,500,2017.01.09,6120.0,80.0,6450.0,6450.0,6110.0,96458.0
501,501,2017.01.10,5920.0,200.0,6120.0,6210.0,5900.0,106330.0
502,502,2017.01.11,6080.0,160.0,5920.0,6230.0,5920.0,121807.0
503,503,2017.01.12,5930.0,150.0,5980.0,6050.0,5920.0,97178.0
504,504,2017.01.13,5770.0,160.0,5900.0,6000.0,5710.0,117488.0
505,505,2017.01.16,5620.0,150.0,5850.0,5880.0,5580.0,88138.0
506,506,2017.01.17,5530.0,90.0,5600.0,5710.0,5500.0,77546.0
507,507,2017.01.18,5810.0,280.0,5540.0,5870.0,5430.0,161860.0
508,508,2017.01.19,5700.0,110.0,5810.0,5890.0,5650.0,65895.0
509,509,2017.01.20,5430.0,270.0,5670.0,5730.0,5360.0,156831.0
510,510,2017.01.23,5430.0,0.0,5410.0,5490.0,5350.0,53746.0
511,511,2017.01.24,5450.0,20.0,5440.0,5470.0,5340.0,49954.0
512,512,2017.01.25,5350.0,100.0,5420.0,5510.0,5350.0,60182.0
513,513,2017.01.26,5440.0,90.0,5350.0,5510.0,5350.0,40702.0
514,514,2017.01.31,5840.0,400.0,5700.0,6250.0,5630.0,387484.0
515,515,2017.02.01,5980.0,140.0,5840.0,6010.0,5750.0,165234.0
516,516,2017.02.02,6000.0,20.0,5850.0,6020.0,5780.0,196915.0
517,517,2017.02.03,5780.0,220.0,5910.0,6010.0,5750.0,122666.0
518,518,2017.02.06,5710.0,70.0,5700.0,5810.0,5660.0,120494.0
519,519,2017.02.07,5770.0,60.0,5660.0,5820.0,5610.0,88107.0
520,520,2017.02.08,5900.0,130.0,5810.0,5960.0,5700.0,81528.0
521,521,2017.02.09,5890.0,10.0,5990.0,6000.0,5850.0,67622.0
522,522,2017.02.10,6080.0,190.0,5900.0,6220.0,5900.0,338847.0
523,523,2017.02.13,6010.0,70.0,6080.0,6110.0,5910.0,127062.0
524,524,2017.02.14,5840.0,170.0,6040.0,6070.0,5820.0,142556.0
525,525,2017.02.15,5890.0,50.0,5820.0,5910.0,5800.0,60584.0
526,526,2017.02.16,5950.0,60.0,5940.0,6040.0,5860.0,135129.0
527,527,2017.02.17,5960.0,10.0,5960.0,6040.0,5820.0,80741.0
528,528,2017.02.20,5980.0,20.0,5980.0,6220.0,5980.0,216580.0
529,529,2017.02.21,5960.0,20.0,5930.0,6040.0,5780.0,178810.0
530,530,2017.02.22,6150.0,190.0,5990.0,6170.0,5960.0,221450.0
531,531,2017.02.23,6190.0,40.0,6170.0,6350.0,6000.0,326017.0
532,532,2017.02.24,6140.0,50.0,6170.0,6190.0,6000.0,137759.0
533,533,2017.02.27,5900.0,240.0,6180.0,6180.0,5890.0,169077.0
534,534,2017.02.28,5820.0,80.0,5950.0,5950.0,5740.0,106358.0
535,535,2017.03.02,5820.0,0.0,5810.0,5880.0,5770.0,47289.0
536,536,2017.03.03,5710.0,110.0,5860.0,5860.0,5680.0,92457.0
537,537,2017.03.06,5790.0,80.0,5660.0,5870.0,5660.0,37456.0
538,538,2017.03.07,5740.0,50.0,5740.0,5870.0,5700.0,58598.0
539,539,2017.03.08,5780.0,40.0,5750.0,5840.0,5710.0,43257.0
540,540,2017.03.09,5780.0,0.0,5790.0,5860.0,5730.0,42487.0
541,541,2017.03.10,5860.0,80.0,5800.0,5920.0,5690.0,54284.0
542,542,2017.03.13,5880.0,20.0,5860.0,5940.0,5790.0,69523.0
543,543,2017.03.14,5910.0,30.0,5920.0,5960.0,5860.0,46663.0
544,544,2017.03.15,5920.0,10.0,5910.0,6170.0,5910.0,193304.0
545,545,2017.03.16,6020.0,100.0,5960.0,6080.0,5960.0,66322.0
546,546,2017.03.17,6010.0,10.0,6020.0,6100.0,5960.0,45350.0
547,547,2017.03.20,5840.0,170.0,6010.0,6060.0,5840.0,66239.0
548,548,2017.03.21,5900.0,60.0,5880.0,6090.0,5730.0,125539.0
549,549,2017.03.22,5800.0,100.0,5820.0,5900.0,5780.0,37018.0
550,550,2017.03.23,5680.0,120.0,5810.0,5840.0,5680.0,67078.0
551,551,2017.03.24,5710.0,30.0,5700.0,5710.0,5600.0,42909.0
552,552,2017.03.27,5540.0,170.0,5670.0,5700.0,5490.0,79138.0
553,553,2017.03.28,5450.0,90.0,5520.0,5590.0,5360.0,87189.0
554,554,2017.03.29,5530.0,80.0,5460.0,5560.0,5460.0,31011.0
555,555,2017.03.30,5530.0,0.0,5400.0,5580.0,5400.0,112570.0
556,556,2017.03.31,5540.0,10.0,5540.0,5620.0,5460.0,56892.0
557,557,2017.04.03,5650.0,110.0,5540.0,5670.0,5500.0,47996.0
558,558,2017.04.04,5540.0,110.0,5670.0,5680.0,5540.0,69141.0
559,559,2017.04.05,5650.0,110.0,5480.0,5700.0,5480.0,61537.0
560,560,2017.04.06,5630.0,20.0,5630.0,5670.0,5550.0,22695.0
561,561,2017.04.07,5530.0,100.0,5600.0,5640.0,5530.0,61135.0
562,562,2017.04.10,5310.0,220.0,5500.0,5570.0,5210.0,79737.0
563,563,2017.04.11,5280.0,30.0,5240.0,5430.0,5210.0,46147.0
564,564,2017.04.12,5190.0,90.0,5340.0,5340.0,5130.0,67883.0
565,565,2017.04.13,5210.0,20.0,5220.0,5290.0,5170.0,36501.0
566,566,2017.04.14,5180.0,30.0,5260.0,5310.0,5160.0,64861.0
567,567,2017.04.17,5390.0,210.0,5180.0,5400.0,5180.0,55954.0
568,568,2017.04.18,5490.0,100.0,5390.0,5520.0,5390.0,43543.0
569,569,2017.04.19,5440.0,50.0,5490.0,5580.0,5300.0,27656.0
570,570,2017.04.20,5480.0,40.0,5420.0,5550.0,5420.0,24111.0
571,571,2017.04.21,5500.0,20.0,5460.0,5560.0,5420.0,36174.0
572,572,2017.04.24,5520.0,20.0,5470.0,5540.0,5380.0,42576.0
573,573,2017.04.25,5500.0,20.0,5580.0,5580.0,5450.0,38855.0
574,574,2017.04.26,5530.0,30.0,5520.0,5530.0,5450.0,21403.0
575,575,2017.04.27,5450.0,80.0,5550.0,5580.0,5430.0,22598.0
576,576,2017.04.28,5380.0,70.0,5450.0,5470.0,5290.0,43051.0
577,577,2017.05.02,5280.0,100.0,5400.0,5400.0,5270.0,20108.0
578,578,2017.05.04,5430.0,150.0,5330.0,5430.0,5240.0,23898.0
579,579,2017.05.08,5370.0,60.0,5360.0,5420.0,5330.0,15229.0
580,580,2017.05.10,5400.0,30.0,5400.0,5410.0,5330.0,24531.0
581,581,2017.05.11,5370.0,30.0,5440.0,5440.0,5310.0,14339.0
582,582,2017.05.12,5280.0,90.0,5360.0,5370.0,5260.0,24186.0
583,583,2017.05.15,5360.0,80.0,5260.0,5390.0,5200.0,24451.0
584,584,2017.05.16,5240.0,120.0,5360.0,5360.0,5240.0,16525.0
585,585,2017.05.17,5240.0,0.0,5240.0,5370.0,5210.0,23955.0
586,586,2017.05.18,5300.0,60.0,5260.0,5380.0,5200.0,27624.0
587,587,2017.05.19,5270.0,30.0,5310.0,5340.0,5220.0,41110.0
588,588,2017.05.22,5340.0,70.0,5250.0,5370.0,5230.0,28970.0
589,589,2017.05.23,5490.0,150.0,5360.0,5530.0,5330.0,60855.0
590,590,2017.05.24,6090.0,600.0,5630.0,6990.0,5630.0,6962903.0
591,591,2017.05.25,6150.0,60.0,6090.0,6180.0,6000.0,669528.0
592,592,2017.05.26,6250.0,100.0,6140.0,6260.0,6050.0,506929.0
593,593,2017.05.29,6130.0,120.0,6220.0,6250.0,6060.0,299240.0
594,594,2017.05.30,6080.0,50.0,6170.0,6210.0,5990.0,223021.0
595,595,2017.05.31,5990.0,90.0,6100.0,6140.0,5890.0,241735.0
596,596,2017.06.01,6200.0,210.0,5990.0,6200.0,5930.0,206806.0
597,597,2017.06.02,6090.0,110.0,6220.0,6280.0,6090.0,212001.0
598,598,2017.06.05,5960.0,130.0,6070.0,6070.0,5930.0,145050.0
599,599,2017.06.07,5940.0,20.0,5930.0,6030.0,5900.0,75389.0
600,600,2017.06.08,6190.0,250.0,5950.0,6210.0,5900.0,299298.0
601,601,2017.06.09,6170.0,20.0,6260.0,6260.0,6100.0,125894.0
602,602,2017.06.12,6090.0,80.0,6150.0,6170.0,6020.0,106403.0
603,603,2017.06.13,6300.0,210.0,6110.0,6410.0,6050.0,444264.0
604,604,2017.06.14,6280.0,20.0,6480.0,6500.0,6270.0,365133.0
605,605,2017.06.15,6480.0,200.0,6280.0,6500.0,6150.0,232482.0
606,606,2017.06.16,6570.0,90.0,6510.0,6630.0,6330.0,253084.0
607,607,2017.06.19,6560.0,10.0,6590.0,6640.0,6490.0,144310.0
608,608,2017.06.20,6440.0,120.0,6530.0,6590.0,6340.0,123925.0
609,609,2017.06.21,6220.0,220.0,6350.0,6490.0,6220.0,97481.0
610,610,2017.06.22,6200.0,20.0,6280.0,6390.0,6200.0,108682.0
611,611,2017.06.23,6340.0,140.0,6200.0,6350.0,6200.0,68224.0
612,612,2017.06.26,6700.0,360.0,6340.0,6750.0,6260.0,241043.0
613,613,2017.06.27,6700.0,0.0,6730.0,6850.0,6620.0,197291.0
614,614,2017.06.28,6600.0,100.0,6630.0,6740.0,6570.0,106385.0
615,615,2017.06.29,6590.0,10.0,6670.0,6730.0,6550.0,119910.0
616,616,2017.06.30,6390.0,200.0,6550.0,6620.0,6390.0,99593.0
617,617,2017.07.03,6370.0,20.0,6390.0,6500.0,6280.0,116549.0
618,618,2017.07.04,6470.0,100.0,6330.0,6570.0,6330.0,76305.0
619,619,2017.07.05,6540.0,70.0,6570.0,6740.0,6490.0,117865.0
620,620,2017.07.06,6420.0,120.0,6640.0,6640.0,6420.0,74437.0
621,621,2017.07.07,6430.0,10.0,6390.0,6430.0,6320.0,66666.0
622,622,2017.07.10,6260.0,170.0,6400.0,6480.0,6250.0,58489.0
623,623,2017.07.11,6190.0,70.0,6260.0,6300.0,6040.0,119242.0
624,624,2017.07.12,6130.0,60.0,6240.0,6300.0,6070.0,73968.0
625,625,2017.07.13,6070.0,60.0,6010.0,6200.0,6010.0,88248.0
626,626,2017.07.14,5980.0,90.0,6070.0,6130.0,5890.0,98252.0
627,627,2017.07.17,6180.0,200.0,6000.0,6190.0,6000.0,77095.0
628,628,2017.07.18,6150.0,30.0,6260.0,6270.0,6020.0,90470.0
629,629,2017.07.19,6510.0,360.0,6220.0,6510.0,6130.0,236116.0
630,630,2017.07.20,6520.0,10.0,6520.0,6570.0,6370.0,98203.0
631,631,2017.07.21,6460.0,60.0,6510.0,6540.0,6340.0,86075.0
632,632,2017.07.24,6500.0,40.0,6590.0,6590.0,6380.0,103869.0
633,633,2017.07.25,6330.0,170.0,6440.0,6540.0,6330.0,93200.0
634,634,2017.07.26,6150.0,180.0,6330.0,6330.0,6060.0,98691.0
635,635,2017.07.27,6210.0,60.0,6200.0,6230.0,6070.0,53175.0
636,636,2017.07.28,6150.0,60.0,6160.0,6260.0,6090.0,32374.0
637,637,2017.07.31,6160.0,10.0,6090.0,6160.0,5990.0,55419.0
638,638,2017.08.01,6270.0,110.0,6100.0,6270.0,6100.0,48586.0
639,639,2017.08.02,6310.0,40.0,6320.0,6340.0,6190.0,34143.0
640,640,2017.08.03,6150.0,160.0,6370.0,6370.0,6100.0,43777.0
641,641,2017.08.04,6030.0,120.0,6150.0,6200.0,6000.0,38503.0
642,642,2017.08.07,6120.0,90.0,6040.0,6260.0,6040.0,47797.0
643,643,2017.08.08,6480.0,360.0,6130.0,6480.0,6070.0,178396.0
644,644,2017.08.09,6390.0,90.0,6520.0,6520.0,6340.0,100830.0
645,645,2017.08.10,6350.0,40.0,6430.0,6430.0,6300.0,69558.0
646,646,2017.08.11,6220.0,130.0,6290.0,6310.0,6090.0,101387.0
647,647,2017.08.14,6450.0,230.0,6220.0,6460.0,6220.0,109372.0
648,648,2017.08.16,6450.0,0.0,6500.0,6550.0,6370.0,110347.0
649,649,2017.08.17,6490.0,40.0,6420.0,6490.0,6380.0,78689.0
650,650,2017.08.18,6550.0,60.0,6490.0,6860.0,6490.0,286700.0
651,651,2017.08.21,6580.0,30.0,6550.0,6640.0,6420.0,75656.0
652,652,2017.08.22,6460.0,120.0,6640.0,6650.0,6460.0,83079.0
653,653,2017.08.23,6850.0,390.0,6460.0,6910.0,6420.0,250430.0
654,654,2017.08.24,7350.0,500.0,6840.0,7770.0,6760.0,1263359.0
655,655,2017.08.25,7400.0,50.0,7470.0,7500.0,7300.0,195549.0
656,656,2017.08.28,7160.0,240.0,7350.0,7410.0,7070.0,244269.0
657,657,2017.08.29,7250.0,90.0,7140.0,7380.0,7100.0,111955.0
658,658,2017.08.30,7620.0,370.0,7330.0,7850.0,7250.0,524795.0
659,659,2017.08.31,7520.0,100.0,7630.0,7800.0,7460.0,194765.0
660,660,2017.09.01,7390.0,130.0,7470.0,7620.0,7390.0,98479.0
661,661,2017.09.04,7440.0,50.0,7150.0,7480.0,7050.0,143904.0
662,662,2017.09.05,7980.0,540.0,7480.0,8100.0,7300.0,714441.0
663,663,2017.09.06,7910.0,70.0,8030.0,8080.0,7850.0,160538.0
664,664,2017.09.07,10250.0,2340.0,7870.0,10250.0,7850.0,5225867.0
665,665,2017.09.08,9750.0,500.0,10150.0,10250.0,9520.0,2244659.0
666,666,2017.09.11,11150.0,1400.0,9750.0,11150.0,9580.0,2305821.0
667,667,2017.09.12,11200.0,50.0,10850.0,12050.0,10700.0,1905779.0
668,668,2017.09.13,11450.0,250.0,11300.0,11850.0,10850.0,748538.0
669,669,2017.09.14,11300.0,150.0,12300.0,13400.0,11200.0,1340857.0
670,670,2017.09.15,11050.0,250.0,11250.0,11550.0,10650.0,525497.0
671,671,2017.09.18,12550.0,1500.0,11150.0,12750.0,10800.0,1182414.0
672,672,2017.09.19,12050.0,500.0,12450.0,13050.0,11850.0,634076.0
673,673,2017.09.20,10600.0,1450.0,12200.0,12550.0,10500.0,595218.0
674,674,2017.09.21,11850.0,1250.0,10750.0,13750.0,10600.0,3444538.0
675,675,2017.09.22,11800.0,50.0,11800.0,12450.0,11400.0,905698.0
676,676,2017.09.25,11850.0,50.0,11900.0,12550.0,11500.0,640930.0
677,677,2017.09.26,11350.0,500.0,11600.0,12150.0,10850.0,481134.0
678,678,2017.09.27,11300.0,50.0,11400.0,11650.0,10800.0,349856.0
679,679,2017.09.28,10650.0,650.0,11200.0,11450.0,10600.0,355835.0
680,680,2017.09.29,11150.0,500.0,10900.0,11500.0,10800.0,626429.0
681,681,2017.10.10,10250.0,900.0,11150.0,11400.0,10200.0,350128.0
682,682,2017.10.11,9390.0,860.0,10100.0,10250.0,9140.0,1353741.0
683,683,2017.10.12,9390.0,0.0,9520.0,9540.0,9000.0,561172.0
684,684,2017.10.13,9180.0,210.0,9310.0,9470.0,8850.0,617217.0
685,685,2017.10.16,8640.0,540.0,9030.0,9150.0,8260.0,754095.0
686,686,2017.10.17,8780.0,140.0,8700.0,8850.0,8550.0,340378.0
687,687,2017.10.18,8120.0,660.0,8650.0,8750.0,8120.0,586372.0
688,688,2017.10.19,8800.0,680.0,8170.0,8820.0,8100.0,651885.0
689,689,2017.10.20,8800.0,0.0,8730.0,9050.0,8700.0,369807.0
690,690,2017.10.23,8550.0,250.0,8820.0,8940.0,8520.0,172014.0
691,691,2017.10.24,10000.0,1450.0,8600.0,10900.0,8600.0,3904467.0
692,692,2017.10.25,10300.0,300.0,9940.0,10400.0,9640.0,780076.0
693,693,2017.10.26,9400.0,900.0,10300.0,11400.0,9250.0,2507695.0
694,694,2017.10.27,9610.0,210.0,9480.0,9830.0,9300.0,297181.0
695,695,2017.10.30,9660.0,50.0,9700.0,10100.0,9590.0,337218.0
696,696,2017.10.31,9990.0,330.0,9670.0,9990.0,9320.0,273231.0
697,697,2017.11.01,10150.0,160.0,10200.0,10800.0,10000.0,683821.0
698,698,2017.11.02,10250.0,100.0,10400.0,10750.0,10000.0,407563.0
699,699,2017.11.03,10300.0,50.0,10150.0,10600.0,10100.0,346385.0
700,700,2017.11.06,10800.0,500.0,10450.0,11400.0,10450.0,1075936.0
701,701,2017.11.07,11100.0,300.0,10900.0,11100.0,10500.0,253482.0
702,702,2017.11.08,10300.0,800.0,10750.0,10850.0,10300.0,329885.0
703,703,2017.11.09,10100.0,200.0,10350.0,10400.0,9940.0,272444.0
704,704,2017.11.10,10800.0,700.0,10300.0,10950.0,10100.0,277950.0
705,705,2017.11.13,10500.0,300.0,10650.0,11000.0,10350.0,183599.0
706,706,2017.11.14,10600.0,100.0,10200.0,10850.0,10050.0,473998.0
707,707,2017.11.15,11250.0,650.0,10700.0,11350.0,10500.0,616945.0
708,708,2017.11.16,10800.0,450.0,11250.0,11950.0,10600.0,858729.0
709,709,2017.11.17,10950.0,150.0,10950.0,11150.0,10750.0,238377.0
710,710,2017.11.20,10500.0,450.0,10950.0,11000.0,10350.0,387619.0
711,711,2017.11.21,10950.0,450.0,10550.0,11150.0,10400.0,488639.0
712,712,2017.11.22,11000.0,50.0,10950.0,11350.0,10750.0,594940.0
713,713,2017.11.23,10850.0,150.0,11200.0,11600.0,10750.0,533819.0
714,714,2017.11.24,10600.0,250.0,10950.0,11100.0,10500.0,506403.0
715,715,2017.11.27,10000.0,600.0,10600.0,10650.0,9980.0,431332.0
716,716,2017.11.28,9510.0,490.0,9980.0,10100.0,9440.0,368873.0
717,717,2017.11.29,9400.0,110.0,9570.0,9670.0,9300.0,264282.0
718,718,2017.11.30,9000.0,400.0,9430.0,9440.0,8920.0,264887.0
719,719,2017.12.01,9030.0,30.0,9040.0,9210.0,8960.0,134214.0
720,720,2017.12.04,8880.0,150.0,9020.0,9170.0,8850.0,139057.0
721,721,2017.12.05,8940.0,60.0,9000.0,9050.0,8880.0,115274.0
722,722,2017.12.06,8710.0,230.0,8960.0,9020.0,8540.0,222374.0
723,723,2017.12.07,8570.0,140.0,8670.0,8710.0,8400.0,149604.0
724,724,2017.12.08,9000.0,430.0,8500.0,9150.0,8500.0,241617.0
725,725,2017.12.11,8990.0,10.0,8920.0,9080.0,8870.0,102144.0
726,726,2017.12.12,8870.0,120.0,8990.0,9090.0,8860.0,75375.0
727,727,2017.12.13,9330.0,460.0,8900.0,9420.0,8840.0,208017.0
728,728,2017.12.14,9250.0,80.0,9190.0,9280.0,8960.0,245301.0
729,729,2017.12.15,10200.0,950.0,9210.0,10400.0,9210.0,644540.0
730,730,2017.12.18,10200.0,0.0,10200.0,10450.0,9990.0,210463.0
731,731,2017.12.19,10450.0,250.0,10200.0,10750.0,10050.0,327170.0
732,732,2017.12.20,10200.0,250.0,10450.0,10800.0,9990.0,274323.0
733,733,2017.12.21,9790.0,410.0,10000.0,10250.0,9710.0,185469.0
734,734,2017.12.22,9800.0,10.0,9820.0,10100.0,9700.0,169524.0
735,735,2017.12.26,9700.0,100.0,9800.0,9900.0,9520.0,109933.0
736,736,2017.12.27,9660.0,40.0,9600.0,9790.0,9600.0,102204.0
737,737,2017.12.28,9910.0,250.0,10050.0,10500.0,9840.0,177197.0
738,738,2018.01.02,10200.0,290.0,9920.0,10250.0,9920.0,94666.0
739,739,2018.01.03,10450.0,250.0,10200.0,10500.0,10100.0,129296.0
740,740,2018.01.04,10450.0,0.0,10450.0,10800.0,10350.0,855718.0
741,741,2018.01.05,10600.0,150.0,10400.0,10850.0,10250.0,256571.0
742,742,2018.01.08,10150.0,450.0,10650.0,10650.0,10000.0,221725.0
743,743,2018.01.09,10150.0,0.0,10050.0,10350.0,10000.0,105815.0
744,744,2018.01.10,10150.0,0.0,10200.0,10300.0,9960.0,81211.0
745,745,2018.01.11,10050.0,100.0,10000.0,10200.0,9940.0,102273.0
746,746,2018.01.12,10050.0,0.0,9990.0,10150.0,9700.0,171635.0
747,747,2018.01.15,10500.0,450.0,10150.0,10550.0,9950.0,270245.0
748,748,2018.01.16,10550.0,50.0,10500.0,10600.0,10150.0,182296.0
749,749,2018.01.17,10500.0,50.0,10550.0,10750.0,10250.0,159561.0
750,750,2018.01.18,11050.0,550.0,10450.0,11500.0,10450.0,939276.0
751,751,2018.01.19,11100.0,50.0,11000.0,11350.0,10900.0,238696.0
752,752,2018.01.22,11200.0,100.0,11150.0,11500.0,10900.0,217465.0
753,753,2018.01.23,10850.0,350.0,11150.0,11300.0,10800.0,204901.0
754,754,2018.01.24,11150.0,300.0,10950.0,11450.0,10600.0,356127.0
755,755,2018.01.25,12250.0,1100.0,11250.0,12350.0,11200.0,703868.0
756,756,2018.01.26,11850.0,400.0,12150.0,12250.0,11750.0,262618.0
757,757,2018.01.29,11600.0,250.0,11900.0,12050.0,11550.0,215821.0
758,758,2018.01.30,11650.0,50.0,11450.0,11750.0,11350.0,131984.0
759,759,2018.01.31,11400.0,250.0,11650.0,11750.0,11250.0,119667.0
760,760,2018.02.01,11550.0,150.0,11500.0,11700.0,11300.0,109160.0
761,761,2018.02.02,11000.0,550.0,11550.0,11700.0,10800.0,212406.0
762,762,2018.02.05,10050.0,950.0,10650.0,10850.0,9990.0,297005.0
763,763,2018.02.06,9620.0,430.0,9360.0,9770.0,8950.0,431114.0
764,764,2018.02.07,9210.0,410.0,9890.0,10000.0,9210.0,219051.0
765,765,2018.02.08,9580.0,370.0,9200.0,9620.0,9180.0,94099.0
766,766,2018.02.09,9260.0,320.0,9200.0,9470.0,9150.0,100659.0
767,767,2018.02.12,9410.0,150.0,9430.0,9600.0,9010.0,93782.0
768,768,2018.02.13,10000.0,590.0,9410.0,10150.0,9410.0,197414.0
769,769,2018.02.14,10050.0,50.0,10000.0,10150.0,9870.0,71989.0
770,770,2018.02.19,10200.0,150.0,10250.0,10250.0,9970.0,81838.0
771,771,2018.02.20,10350.0,150.0,10050.0,10400.0,10050.0,76015.0
772,772,2018.02.21,10450.0,100.0,10350.0,10550.0,10250.0,56365.0
773,773,2018.02.22,10100.0,350.0,10300.0,10550.0,9980.0,127436.0
774,774,2018.02.23,10250.0,150.0,10150.0,10350.0,10150.0,52155.0
775,775,2018.02.26,10250.0,0.0,10350.0,10450.0,10100.0,57696.0
776,776,2018.02.27,10300.0,50.0,10350.0,10450.0,10150.0,44561.0
777,777,2018.02.28,9980.0,320.0,10150.0,10250.0,9930.0,95990.0
778,778,2018.03.02,9850.0,130.0,9980.0,9980.0,9630.0,71833.0
779,779,2018.03.05,9610.0,240.0,10000.0,10000.0,9610.0,38632.0
780,780,2018.03.06,9950.0,340.0,9560.0,10150.0,9560.0,58896.0
781,781,2018.03.07,9650.0,300.0,9950.0,10100.0,9620.0,42455.0
782,782,2018.03.08,9790.0,140.0,9900.0,9900.0,9530.0,28556.0
783,783,2018.03.09,10050.0,260.0,9800.0,10050.0,9740.0,55922.0
784,784,2018.03.12,9920.0,130.0,10150.0,10150.0,9910.0,38546.0
785,785,2018.03.13,10250.0,330.0,9900.0,10250.0,9900.0,99176.0
786,786,2018.03.14,10150.0,100.0,10250.0,10250.0,10100.0,33692.0
787,787,2018.03.15,10100.0,50.0,10300.0,10300.0,9990.0,55851.0
788,788,2018.03.16,10050.0,50.0,10150.0,10400.0,9950.0,102722.0
789,789,2018.03.19,9950.0,100.0,10100.0,10100.0,9760.0,63124.0
790,790,2018.03.20,9850.0,100.0,10000.0,10000.0,9610.0,54130.0
791,791,2018.03.21,9600.0,250.0,9900.0,9900.0,9540.0,81309.0
792,792,2018.03.22,9410.0,190.0,9700.0,9700.0,9250.0,117914.0
793,793,2018.03.23,9000.0,410.0,9250.0,9340.0,8900.0,155633.0
794,794,2018.03.26,9330.0,330.0,9200.0,9350.0,9050.0,70329.0
795,795,2018.03.27,9140.0,190.0,9280.0,9340.0,9050.0,78996.0
796,796,2018.03.28,8580.0,560.0,9140.0,9140.0,8490.0,170769.0
797,797,2018.03.29,8870.0,290.0,8780.0,8870.0,8540.0,45255.0
798,798,2018.03.30,8970.0,100.0,9020.0,9140.0,8850.0,81569.0
799,799,2018.04.02,8720.0,250.0,9040.0,9040.0,8540.0,69535.0
800,800,2018.04.03,8650.0,70.0,8790.0,8790.0,8420.0,86783.0
801,801,2018.04.04,8370.0,280.0,8750.0,8750.0,8360.0,61551.0
802,802,2018.04.05,8770.0,400.0,8420.0,8830.0,8300.0,107116.0
803,803,2018.04.06,8440.0,330.0,8830.0,8890.0,8250.0,54446.0
804,804,2018.04.09,8160.0,280.0,8440.0,8470.0,8100.0,111636.0
805,805,2018.04.10,8120.0,40.0,8080.0,8170.0,7940.0,91646.0
806,806,2018.04.11,8590.0,470.0,8120.0,8590.0,8120.0,54588.0
807,807,2018.04.12,8820.0,230.0,8500.0,8840.0,8390.0,40499.0
808,808,2018.04.13,8900.0,80.0,8850.0,9260.0,8800.0,71399.0
809,809,2018.04.16,9150.0,250.0,9100.0,9230.0,9020.0,43156.0
810,810,2018.04.17,9190.0,40.0,9150.0,9260.0,8990.0,65645.0
811,811,2018.04.18,9230.0,40.0,9230.0,9230.0,9110.0,53027.0
812,812,2018.04.19,9080.0,150.0,9150.0,9230.0,9000.0,41417.0
813,813,2018.04.20,9150.0,70.0,9080.0,9230.0,9010.0,30830.0
814,814,2018.04.23,8910.0,240.0,9100.0,9150.0,8810.0,56501.0
815,815,2018.04.24,8860.0,50.0,8810.0,9090.0,8800.0,8799.0
816,816,2018.04.25,8880.0,20.0,8850.0,8980.0,8710.0,23725.0
817,817,2018.04.26,9710.0,830.0,8880.0,9770.0,8880.0,227547.0
818,818,2018.04.27,9690.0,20.0,9760.0,9850.0,9520.0,94928.0
819,819,2018.04.30,9210.0,480.0,9600.0,9600.0,9170.0,108225.0
820,820,2018.05.02,9020.0,190.0,9130.0,9130.0,8970.0,50681.0
821,821,2018.05.03,9140.0,120.0,9000.0,9290.0,8800.0,56772.0
822,822,2018.05.04,9070.0,70.0,9070.0,9300.0,9020.0,30672.0
823,823,2018.05.08,9500.0,430.0,9050.0,9670.0,9050.0,148397.0
824,824,2018.05.09,9430.0,70.0,9500.0,9700.0,9230.0,52147.0
825,825,2018.05.10,9830.0,400.0,9430.0,9850.0,9340.0,106012.0
826,826,2018.05.11,9800.0,30.0,9970.0,9970.0,9740.0,70418.0
827,827,2018.05.14,9620.0,180.0,9800.0,9800.0,9460.0,46599.0
828,828,2018.05.15,9470.0,150.0,9530.0,9620.0,9300.0,38265.0
829,829,2018.05.16,9300.0,170.0,9600.0,9600.0,9150.0,71960.0
830,830,2018.05.17,9710.0,410.0,9210.0,9900.0,9150.0,89160.0
831,831,2018.05.18,9890.0,180.0,9700.0,9990.0,9540.0,123656.0
832,832,2018.05.21,9710.0,180.0,9840.0,9950.0,9600.0,126869.0
833,833,2018.05.23,9850.0,140.0,9750.0,9960.0,9540.0,95300.0
834,834,2018.05.24,9850.0,0.0,9850.0,9850.0,9550.0,74621.0
835,835,2018.05.25,9600.0,250.0,9700.0,9700.0,9500.0,79241.0
836,836,2018.05.28,9140.0,460.0,9610.0,9680.0,8950.0,176626.0
837,837,2018.05.29,8980.0,160.0,9100.0,9150.0,8830.0,120520.0
838,838,2018.05.30,9030.0,50.0,8980.0,9090.0,8800.0,55836.0
839,839,2018.05.31,8870.0,160.0,9040.0,9140.0,8870.0,46527.0
840,840,2018.06.01,8870.0,0.0,9000.0,9050.0,8840.0,46059.0
841,841,2018.06.04,8960.0,90.0,8880.0,9090.0,8880.0,31579.0
842,842,2018.06.05,8980.0,20.0,8980.0,9180.0,8880.0,45941.0
843,843,2018.06.07,8940.0,40.0,8990.0,9080.0,8870.0,26542.0
844,844,2018.06.08,8830.0,110.0,8940.0,9030.0,8830.0,36457.0
845,845,2018.06.11,8540.0,290.0,8830.0,8980.0,8470.0,107094.0
846,846,2018.06.12,8650.0,110.0,8540.0,8710.0,8450.0,26479.0
847,847,2018.06.14,8770.0,120.0,8620.0,8900.0,8620.0,40496.0
848,848,2018.06.15,8680.0,90.0,8950.0,8950.0,8500.0,44147.0
849,849,2018.06.18,8480.0,200.0,8680.0,8680.0,8460.0,89469.0
850,850,2018.06.19,8190.0,290.0,8650.0,8650.0,7940.0,105054.0
851,851,2018.06.20,8490.0,300.0,8180.0,8490.0,8000.0,45150.0
852,852,2018.06.21,8390.0,100.0,8300.0,8720.0,8250.0,35002.0
853,853,2018.06.22,8360.0,30.0,8360.0,8490.0,8150.0,37759.0
854,854,2018.06.25,8360.0,0.0,8360.0,8400.0,8260.0,12982.0
855,855,2018.06.26,8370.0,10.0,8300.0,8450.0,8100.0,28660.0
856,856,2018.06.27,8340.0,30.0,8320.0,8420.0,8220.0,22572.0
857,857,2018.06.28,8340.0,0.0,8300.0,8450.0,8190.0,23204.0
858,858,2018.06.29,8250.0,90.0,8300.0,8500.0,8090.0,27164.0
859,859,2018.07.02,8100.0,150.0,8150.0,8320.0,7880.0,45599.0
860,860,2018.07.03,8070.0,30.0,8120.0,8330.0,7690.0,54883.0
861,861,2018.07.04,8120.0,50.0,8200.0,8200.0,7860.0,20607.0
862,862,2018.07.05,8090.0,30.0,8120.0,8150.0,7950.0,23037.0
863,863,2018.07.06,8090.0,0.0,7970.0,8170.0,7960.0,29234.0
864,864,2018.07.09,8150.0,60.0,7940.0,8230.0,7940.0,10576.0
865,865,2018.07.10,8150.0,0.0,8100.0,8290.0,8020.0,44017.0
866,866,2018.07.11,8140.0,10.0,8110.0,8180.0,7910.0,34957.0
867,867,2018.07.12,8420.0,280.0,8130.0,8500.0,8100.0,41569.0
868,868,2018.07.13,9030.0,610.0,8330.0,9090.0,8330.0,177798.0
869,869,2018.07.16,9020.0,10.0,9050.0,9110.0,8910.0,45153.0
870,870,2018.07.17,9200.0,180.0,9050.0,9350.0,8950.0,90956.0
871,871,2018.07.18,9200.0,0.0,9350.0,9350.0,9050.0,52307.0
872,872,2018.07.19,9370.0,170.0,9170.0,9420.0,9130.0,76347.0
873,873,2018.07.20,9600.0,230.0,9330.0,9750.0,9300.0,116617.0
874,874,2018.07.23,9290.0,310.0,9550.0,9600.0,9210.0,70088.0
875,875,2018.07.24,9600.0,310.0,9290.0,9600.0,8990.0,98125.0
876,876,2018.07.25,9510.0,90.0,9600.0,9690.0,9410.0,61897.0
877,877,2018.07.26,9440.0,70.0,9450.0,9630.0,9400.0,39828.0
878,878,2018.07.27,9750.0,310.0,9450.0,9890.0,9430.0,283015.0
879,879,2018.07.30,12650.0,2900.0,11550.0,12650.0,10950.0,4374283.0
880,880,2018.07.31,12700.0,50.0,12650.0,13000.0,12150.0,2321575.0
881,881,2018.08.01,12850.0,150.0,12600.0,13050.0,12400.0,1388004.0
882,882,2018.08.02,12850.0,0.0,13200.0,13350.0,12250.0,957530.0
883,883,2018.08.03,13150.0,300.0,12800.0,13300.0,12500.0,819880.0
884,884,2018.08.06,12550.0,600.0,13000.0,13250.0,12350.0,535355.0
885,885,2018.08.07,12500.0,50.0,12550.0,12850.0,12350.0,332620.0
886,886,2018.08.08,12350.0,150.0,12650.0,12850.0,12200.0,369827.0
887,887,2018.08.09,12250.0,100.0,12300.0,12450.0,12100.0,287914.0
888,888,2018.08.10,11800.0,450.0,12450.0,12850.0,11500.0,984021.0
889,889,2018.08.13,11350.0,450.0,11600.0,11800.0,11100.0,497670.0
890,890,2018.08.14,11700.0,350.0,11500.0,11800.0,11350.0,349350.0
891,891,2018.08.16,11100.0,600.0,11400.0,11500.0,10750.0,476186.0
892,892,2018.08.17,11750.0,650.0,11200.0,11900.0,11150.0,348412.0
893,893,2018.08.20,11500.0,250.0,11850.0,11900.0,11500.0,168479.0
894,894,2018.08.21,11850.0,350.0,11500.0,11850.0,11400.0,161183.0
895,895,2018.08.22,11850.0,0.0,11850.0,11900.0,11600.0,119105.0
896,896,2018.08.23,11950.0,100.0,11850.0,12400.0,11850.0,440572.0
897,897,2018.08.24,11650.0,300.0,11950.0,12200.0,11550.0,305102.0
898,898,2018.08.27,11650.0,0.0,11750.0,11900.0,11200.0,241551.0
899,899,2018.08.28,11950.0,300.0,11700.0,12150.0,11500.0,291140.0
900,900,2018.08.29,11950.0,0.0,11950.0,12250.0,11800.0,151884.0
901,901,2018.08.30,11750.0,200.0,11950.0,12100.0,11750.0,87609.0
902,902,2018.08.31,11750.0,0.0,11700.0,12250.0,11600.0,306803.0
903,903,2018.09.03,12150.0,400.0,11800.0,12200.0,11650.0,185347.0
904,904,2018.09.04,13150.0,1000.0,12200.0,13150.0,12050.0,812425.0
905,905,2018.09.05,14100.0,950.0,13250.0,14250.0,13000.0,875603.0
906,906,2018.09.06,14500.0,400.0,14300.0,14750.0,13900.0,460113.0
907,907,2018.09.07,14200.0,300.0,14200.0,14450.0,13600.0,396847.0
908,908,2018.09.10,13950.0,250.0,13950.0,14150.0,13800.0,134963.0
909,909,2018.09.11,13500.0,450.0,13950.0,13950.0,13350.0,273630.0
910,910,2018.09.12,13400.0,100.0,13600.0,13650.0,13100.0,192743.0
911,911,2018.09.13,13000.0,400.0,13400.0,13400.0,13000.0,112758.0
912,912,2018.09.14,13350.0,350.0,13200.0,13700.0,13100.0,372109.0
913,913,2018.09.17,12700.0,650.0,13250.0,13250.0,12500.0,264973.0
914,914,2018.09.18,12450.0,250.0,12500.0,12700.0,12150.0,193648.0
915,915,2018.09.19,12100.0,350.0,12450.0,12550.0,12000.0,164207.0
916,916,2018.09.20,11600.0,500.0,12100.0,12200.0,11500.0,217470.0
917,917,2018.09.21,12000.0,400.0,11750.0,12200.0,11550.0,157345.0
918,918,2018.09.27,11900.0,100.0,12050.0,12200.0,11750.0,80064.0
919,919,2018.09.28,11350.0,550.0,11850.0,11900.0,11300.0,186530.0
920,920,2018.10.01,11450.0,100.0,11350.0,11450.0,11200.0,49497.0
921,921,2018.10.02,11100.0,350.0,11350.0,11500.0,11000.0,125977.0
922,922,2018.10.04,10650.0,450.0,11100.0,11300.0,10650.0,124138.0
923,923,2018.10.05,10550.0,100.0,10650.0,11500.0,10500.0,147057.0
924,924,2018.10.08,10750.0,200.0,10500.0,10950.0,10450.0,52126.0
925,925,2018.10.10,10550.0,200.0,10800.0,11000.0,10200.0,196148.0
926,926,2018.10.11,9720.0,830.0,10300.0,10550.0,9410.0,382091.0
927,927,2018.10.12,10200.0,480.0,9720.0,10200.0,9720.0,132433.0
928,928,2018.10.15,9900.0,300.0,10200.0,10300.0,9750.0,93147.0
929,929,2018.10.16,10350.0,450.0,10100.0,10600.0,9900.0,118913.0
930,930,2018.10.17,10450.0,100.0,10600.0,10650.0,10200.0,74911.0
931,931,2018.10.18,10250.0,200.0,10350.0,10500.0,10100.0,54379.0
932,932,2018.10.19,10050.0,200.0,10050.0,10200.0,9870.0,72048.0
933,933,2018.10.22,10500.0,450.0,10050.0,10750.0,10050.0,161328.0
934,934,2018.10.23,9980.0,520.0,10500.0,10600.0,9870.0,182975.0
935,935,2018.10.24,9950.0,30.0,10100.0,10400.0,9890.0,126632.0
936,936,2018.10.25,9870.0,80.0,9670.0,10000.0,9570.0,162287.0
937,937,2018.10.26,9770.0,100.0,10000.0,10050.0,9600.0,108108.0
938,938,2018.10.29,9700.0,70.0,9770.0,10350.0,9700.0,177547.0
939,939,2018.10.30,10150.0,450.0,9500.0,10200.0,9500.0,172192.0
940,940,2018.10.31,10200.0,50.0,10200.0,10300.0,9800.0,104458.0
941,941,2018.11.01,10000.0,200.0,10300.0,10600.0,10000.0,128281.0
942,942,2018.11.02,10700.0,700.0,10150.0,10700.0,10050.0,182543.0
943,943,2018.11.05,10400.0,300.0,10600.0,10600.0,10300.0,112267.0
944,944,2018.11.06,10200.0,200.0,10450.0,10500.0,10050.0,93303.0
945,945,2018.11.07,10150.0,50.0,10200.0,10500.0,9920.0,159595.0
946,946,2018.11.08,10650.0,500.0,10450.0,10700.0,10250.0,166377.0
947,947,2018.11.09,10500.0,150.0,10600.0,10650.0,10250.0,87219.0
948,948,2018.11.12,10700.0,200.0,10350.0,10750.0,10300.0,159746.0
949,949,2018.11.13,11150.0,450.0,11700.0,12050.0,10900.0,2089982.0
950,950,2018.11.14,11600.0,450.0,11050.0,11750.0,11000.0,546714.0
951,951,2018.11.15,13450.0,1850.0,11500.0,13850.0,11450.0,1776865.0
952,952,2018.11.16,13650.0,200.0,13300.0,14000.0,13200.0,788989.0
953,953,2018.11.19,13500.0,150.0,13850.0,13900.0,13050.0,685969.0
954,954,2018.11.20,13450.0,50.0,13150.0,13650.0,12900.0,393923.0
955,955,2018.11.21,13450.0,0.0,13200.0,13500.0,12900.0,284201.0
956,956,2018.11.22,12500.0,950.0,13400.0,13500.0,12100.0,1183625.0
957,957,2018.11.23,12400.0,100.0,12600.0,12800.0,12250.0,488356.0
958,958,2018.11.26,12800.0,400.0,12400.0,13000.0,12350.0,408298.0
959,959,2018.11.27,12850.0,50.0,12850.0,13050.0,12700.0,198170.0
960,960,2018.11.28,12500.0,350.0,12700.0,12900.0,12500.0,204600.0
961,961,2018.11.29,12400.0,100.0,12800.0,13050.0,12400.0,279143.0
962,962,2018.11.30,12300.0,100.0,12250.0,12600.0,12150.0,135285.0
963,963,2018.12.03,12650.0,350.0,12600.0,12750.0,12350.0,180996.0
964,964,2018.12.04,12600.0,50.0,12650.0,12850.0,12300.0,161443.0
965,965,2018.12.05,12350.0,250.0,12350.0,12600.0,12300.0,103288.0
966,966,2018.12.06,11250.0,1100.0,12350.0,12350.0,11100.0,434377.0
967,967,2018.12.07,11100.0,150.0,11350.0,11450.0,10700.0,231679.0
968,968,2018.12.10,10700.0,400.0,10950.0,10950.0,10400.0,166105.0
969,969,2018.12.11,10300.0,400.0,10700.0,10850.0,10200.0,388600.0
970,970,2018.12.12,10700.0,400.0,10200.0,10750.0,10200.0,144108.0
971,971,2018.12.13,10700.0,0.0,10850.0,10850.0,10450.0,110206.0
972,972,2018.12.14,10050.0,650.0,10750.0,10800.0,9990.0,230548.0
973,973,2018.12.17,9920.0,130.0,9910.0,10150.0,9770.0,132586.0
974,974,2018.12.18,9850.0,70.0,9750.0,9920.0,9750.0,83779.0
975,975,2018.12.19,9940.0,90.0,9790.0,10050.0,9790.0,81260.0
976,976,2018.12.20,9600.0,340.0,9850.0,9880.0,9350.0,135075.0
977,977,2018.12.21,9600.0,0.0,9500.0,9820.0,9320.0,85178.0
978,978,2018.12.24,9490.0,110.0,9500.0,9600.0,9410.0,49971.0
979,979,2018.12.26,9440.0,50.0,9390.0,9490.0,9300.0,62688.0
980,980,2018.12.27,9590.0,150.0,9540.0,9780.0,9500.0,58630.0
981,981,2018.12.28,9790.0,200.0,9690.0,9900.0,9570.0,50750.0
982,982,2019.01.02,9970.0,180.0,9900.0,10250.0,9860.0,78597.0
983,983,2019.01.03,9690.0,280.0,9940.0,10100.0,9530.0,97600.0
984,984,2019.01.04,9640.0,50.0,9600.0,9650.0,9400.0,51234.0
985,985,2019.01.07,9740.0,100.0,9700.0,9850.0,9620.0,57588.0
986,986,2019.01.08,9710.0,30.0,9650.0,9800.0,9590.0,45803.0
987,987,2019.01.09,10400.0,690.0,9790.0,10750.0,9750.0,337436.0
988,988,2019.01.10,10450.0,50.0,10500.0,10600.0,10300.0,122038.0
989,989,2019.01.11,10500.0,50.0,10450.0,10700.0,10300.0,91289.0
990,990,2019.01.14,10400.0,100.0,10500.0,10600.0,10150.0,87920.0
991,991,2019.01.15,10900.0,500.0,10300.0,11050.0,10300.0,223230.0
992,992,2019.01.16,11400.0,500.0,11600.0,11850.0,11200.0,426136.0
993,993,2019.01.17,11200.0,200.0,11400.0,11600.0,11150.0,99920.0
994,994,2019.01.18,11800.0,600.0,11150.0,11900.0,11050.0,186758.0
995,995,2019.01.21,12300.0,500.0,12050.0,12350.0,11800.0,191626.0
996,996,2019.01.22,12500.0,200.0,12300.0,12550.0,12150.0,173182.0
997,997,2019.01.23,12500.0,0.0,12350.0,12750.0,12250.0,136433.0
998,998,2019.01.24,12600.0,100.0,12600.0,12750.0,12300.0,132720.0
999,999,2019.01.25,13100.0,500.0,12650.0,13350.0,12550.0,255162.0
1000,1000,2019.01.28,13450.0,350.0,13250.0,13650.0,13000.0,194956.0
1001,1001,2019.01.29,13650.0,200.0,13300.0,13700.0,13250.0,152653.0
1002,1002,2019.01.30,13550.0,100.0,13600.0,13750.0,13450.0,153804.0
1003,1003,2019.01.31,13300.0,250.0,13600.0,13800.0,12800.0,346083.0
1004,1004,2019.02.01,13200.0,100.0,13800.0,13950.0,12700.0,354590.0
1005,1005,2019.02.07,13850.0,650.0,13300.0,14100.0,13100.0,334832.0
1006,1006,2019.02.08,14200.0,350.0,13800.0,14300.0,13750.0,165643.0
1007,1007,2019.02.11,13650.0,550.0,14300.0,14300.0,13100.0,256906.0
1008,1008,2019.02.12,13800.0,150.0,13500.0,14000.0,13500.0,119176.0
1009,1009,2019.02.13,13700.0,100.0,13800.0,13950.0,13650.0,67557.0
1010,1010,2019.02.14,13800.0,100.0,13600.0,13850.0,13550.0,57039.0
1011,1011,2019.02.15,13450.0,350.0,13850.0,13950.0,13050.0,194063.0
1012,1012,2019.02.18,13500.0,50.0,14150.0,14150.0,13400.0,146789.0
1013,1013,2019.02.19,13750.0,250.0,13500.0,13800.0,13200.0,63049.0
1014,1014,2019.02.20,15400.0,1650.0,13850.0,15500.0,13550.0,641508.0
1015,1015,2019.02.21,14750.0,650.0,15350.0,15700.0,14750.0,377280.0
1016,1016,2019.02.22,15000.0,250.0,14750.0,15250.0,14750.0,163858.0
1017,1017,2019.02.25,15350.0,350.0,15000.0,15400.0,14700.0,143568.0
1018,1018,2019.02.26,15650.0,300.0,15700.0,16250.0,15450.0,187477.0
1019,1019,2019.02.27,15450.0,200.0,15700.0,15750.0,15300.0,104025.0
1020,1020,2019.02.28,14650.0,800.0,15450.0,15550.0,14650.0,289207.0
1021,1021,2019.03.04,14650.0,0.0,14900.0,15400.0,14650.0,120680.0
1022,1022,2019.03.05,14300.0,350.0,15000.0,15000.0,14250.0,154748.0
1023,1023,2019.03.06,15800.0,1500.0,14450.0,15900.0,14300.0,345780.0
1024,1024,2019.03.07,15850.0,50.0,15700.0,16150.0,15450.0,124282.0
1025,1025,2019.03.08,17850.0,2000.0,15600.0,18000.0,15600.0,650917.0
1026,1026,2019.03.11,18250.0,400.0,17950.0,19000.0,17600.0,429399.0
1027,1027,2019.03.12,18400.0,150.0,18150.0,19000.0,18100.0,151859.0
1028,1028,2019.03.13,18400.0,0.0,18300.0,18600.0,18000.0,102052.0
1029,1029,2019.03.14,18350.0,50.0,18500.0,19600.0,18250.0,198022.0
1030,1030,2019.03.15,18550.0,200.0,18550.0,18850.0,17800.0,108933.0
1031,1031,2019.03.18,18700.0,150.0,18550.0,19250.0,18350.0,127818.0
1032,1032,2019.03.19,18200.0,500.0,18700.0,18700.0,17850.0,258766.0
1033,1033,2019.03.20,18550.0,350.0,18300.0,18750.0,18100.0,138359.0
1034,1034,2019.03.21,18650.0,100.0,18750.0,19600.0,18050.0,285182.0
1035,1035,2019.03.22,18950.0,300.0,18800.0,19150.0,18450.0,88960.0
1036,1036,2019.03.25,18600.0,350.0,18400.0,19200.0,18400.0,87970.0
1037,1037,2019.03.26,18850.0,250.0,19000.0,19200.0,18100.0,101190.0
1038,1038,2019.03.27,20150.0,1300.0,19000.0,20150.0,18700.0,315758.0
1039,1039,2019.03.28,18800.0,1350.0,20150.0,20200.0,18800.0,381538.0
1040,1040,2019.03.29,18450.0,350.0,18700.0,19000.0,18100.0,151941.0
1041,1041,2019.04.01,18750.0,300.0,18700.0,19450.0,18550.0,147345.0
1042,1042,2019.04.02,19000.0,250.0,19000.0,19650.0,18750.0,126650.0
1043,1043,2019.04.03,20850.0,1850.0,19300.0,20850.0,19300.0,360834.0
1044,1044,2019.04.04,20900.0,50.0,21200.0,21550.0,20500.0,188174.0
1045,1045,2019.04.05,20600.0,300.0,20800.0,20800.0,20250.0,121021.0
1046,1046,2019.04.08,20350.0,250.0,20600.0,20650.0,20100.0,74382.0
1047,1047,2019.04.09,20200.0,150.0,20400.0,20450.0,19950.0,92774.0
1048,1048,2019.04.10,20450.0,250.0,20200.0,20450.0,19850.0,74282.0
1049,1049,2019.04.11,20050.0,400.0,20500.0,20700.0,19950.0,137767.0
1050,1050,2019.04.12,20000.0,50.0,20050.0,20300.0,19850.0,128301.0
1051,1051,2019.04.15,20150.0,150.0,20000.0,20700.0,19800.0,143272.0
1052,1052,2019.04.16,19400.0,750.0,20100.0,20150.0,19350.0,156701.0
1053,1053,2019.04.17,19500.0,100.0,19650.0,20000.0,19400.0,93924.0
1054,1054,2019.04.18,19000.0,500.0,19250.0,19850.0,18700.0,211128.0
1055,1055,2019.04.19,18950.0,50.0,19100.0,19350.0,18000.0,117876.0
1056,1056,2019.04.22,18450.0,500.0,18850.0,19150.0,17850.0,234497.0
1057,1057,2019.04.23,16600.0,1850.0,18000.0,18500.0,16500.0,820262.0
1058,1058,2019.04.24,14800.0,1800.0,16600.0,16650.0,14800.0,1064877.0
1059,1059,2019.04.25,14550.0,250.0,15050.0,15750.0,14550.0,875484.0
1060,1060,2019.04.26,15050.0,500.0,14750.0,15200.0,14200.0,442414.0
1061,1061,2019.04.29,15050.0,0.0,14900.0,15200.0,14800.0,206305.0
1062,1062,2019.04.30,15000.0,50.0,15150.0,15200.0,14500.0,182359.0
1063,1063,2019.05.02,14800.0,200.0,15150.0,15200.0,14700.0,165619.0
1064,1064,2019.05.03,14550.0,250.0,14900.0,15150.0,14400.0,234548.0
1065,1065,2019.05.07,14550.0,0.0,14250.0,14850.0,14200.0,107767.0
1066,1066,2019.05.08,14150.0,400.0,14450.0,14550.0,14150.0,129235.0
1067,1067,2019.05.09,13800.0,350.0,14200.0,14300.0,13600.0,253207.0
1068,1068,2019.05.10,14000.0,200.0,14100.0,14550.0,13350.0,273813.0
1069,1069,2019.05.13,13400.0,600.0,13950.0,14150.0,13300.0,190157.0
1070,1070,2019.05.14,13600.0,200.0,13100.0,13700.0,12750.0,147130.0
1071,1071,2019.05.15,14150.0,550.0,13600.0,14200.0,13600.0,160274.0
1072,1072,2019.05.16,13850.0,300.0,14400.0,14450.0,13600.0,227963.0
1073,1073,2019.05.17,13150.0,700.0,13900.0,14200.0,12950.0,244381.0
1074,1074,2019.05.20,13200.0,50.0,12950.0,13500.0,12950.0,188267.0
1075,1075,2019.05.21,13300.0,100.0,13200.0,13500.0,13000.0,129528.0
1076,1076,2019.05.22,13300.0,0.0,13500.0,13550.0,13000.0,156264.0
1077,1077,2019.05.23,13000.0,300.0,13200.0,13450.0,12950.0,92146.0
1078,1078,2019.05.24,12950.0,50.0,12750.0,13100.0,12550.0,131500.0
1079,1079,2019.05.27,12650.0,300.0,12900.0,13150.0,12250.0,240450.0
1080,1080,2019.05.28,12900.0,250.0,12650.0,12950.0,12400.0,121963.0
1081,1081,2019.05.29,12500.0,400.0,12900.0,12950.0,12300.0,142379.0
1082,1082,2019.05.30,12600.0,100.0,12500.0,12750.0,12450.0,72530.0
1083,1083,2019.05.31,12950.0,350.0,12550.0,13150.0,12550.0,145900.0
1084,1084,2019.06.03,13400.0,450.0,12900.0,13400.0,12750.0,106239.0
1085,1085,2019.06.04,13450.0,50.0,13450.0,13850.0,13400.0,167858.0
1086,1086,2019.06.05,13650.0,200.0,13700.0,13950.0,13400.0,145771.0
1087,1087,2019.06.07,13700.0,50.0,13600.0,13750.0,13350.0,112829.0
1088,1088,2019.06.10,13600.0,100.0,13650.0,13800.0,13500.0,79071.0
1089,1089,2019.06.11,14400.0,800.0,13700.0,14700.0,13500.0,404805.0
1090,1090,2019.06.12,14200.0,200.0,15050.0,15100.0,14000.0,471574.0
1091,1091,2019.06.13,13500.0,700.0,14100.0,14100.0,13350.0,333296.0
1092,1092,2019.06.14,12850.0,650.0,13350.0,13450.0,12800.0,349357.0
1093,1093,2019.06.17,12600.0,250.0,12850.0,12950.0,12550.0,113136.0
1094,1094,2019.06.18,12950.0,350.0,12750.0,13250.0,12650.0,203984.0
1095,1095,2019.06.19,13050.0,100.0,13350.0,13400.0,12950.0,149897.0
1096,1096,2019.06.20,13600.0,550.0,13350.0,13600.0,13150.0,150099.0
1097,1097,2019.06.21,13650.0,50.0,13650.0,13950.0,13550.0,143706.0
1098,1098,2019.06.24,13400.0,250.0,13800.0,13800.0,13200.0,135508.0
1099,1099,2019.06.25,13250.0,150.0,13450.0,13650.0,13150.0,151478.0
1100,1100,2019.06.26,13200.0,50.0,13250.0,13400.0,12950.0,90578.0
1101,1101,2019.06.27,13500.0,300.0,13050.0,13850.0,13050.0,235319.0
1102,1102,2019.06.28,13300.0,200.0,13500.0,13750.0,13100.0,131828.0
1103,1103,2019.07.01,13500.0,200.0,13600.0,13750.0,13300.0,129589.0
1104,1104,2019.07.02,13350.0,150.0,13500.0,13550.0,13250.0,134315.0
1105,1105,2019.07.03,13250.0,100.0,13500.0,13550.0,13150.0,101966.0
1106,1106,2019.07.04,13950.0,700.0,13250.0,14000.0,13200.0,204691.0
1107,1107,2019.07.05,13650.0,300.0,14050.0,14150.0,13250.0,363384.0
1108,1108,2019.07.08,13000.0,650.0,13650.0,13650.0,12600.0,335531.0
1109,1109,2019.07.09,12900.0,100.0,12800.0,13150.0,12500.0,188882.0
1110,1110,2019.07.10,12550.0,350.0,12850.0,13000.0,12500.0,348413.0
1111,1111,2019.07.11,12950.0,400.0,12600.0,13100.0,12550.0,181410.0
1112,1112,2019.07.12,13200.0,250.0,13100.0,13350.0,12950.0,157195.0
1113,1113,2019.07.15,13000.0,200.0,13200.0,13200.0,12650.0,98373.0
1114,1114,2019.07.16,12650.0,350.0,12950.0,13100.0,12450.0,201098.0
1115,1115,2019.07.17,13050.0,400.0,12950.0,13150.0,12650.0,198886.0
1116,1116,2019.07.18,13650.0,600.0,13300.0,14300.0,13100.0,500925.0
1117,1117,2019.07.19,13700.0,50.0,13600.0,14250.0,13550.0,282060.0
1118,1118,2019.07.22,14100.0,400.0,13700.0,14200.0,13600.0,204011.0
1119,1119,2019.07.23,13750.0,350.0,14300.0,14500.0,13650.0,204254.0
1120,1120,2019.07.24,13350.0,400.0,14000.0,14000.0,13300.0,144124.0
1121,1121,2019.07.25,13600.0,250.0,13250.0,14000.0,12950.0,257551.0
1122,1122,2019.07.26,13450.0,150.0,13450.0,13950.0,13400.0,198894.0
1123,1123,2019.07.29,13050.0,400.0,13350.0,13550.0,12450.0,346940.0
1124,1124,2019.07.30,15000.0,1950.0,12950.0,15600.0,12950.0,1845009.0
1125,1125,2019.07.31,14500.0,500.0,14800.0,15000.0,13800.0,1130590.0
1126,1126,2019.08.01,15500.0,1000.0,14300.0,16000.0,14200.0,1364554.0
1127,1127,2019.08.02,15350.0,150.0,15250.0,16300.0,15000.0,762486.0
1128,1128,2019.08.05,14650.0,700.0,15400.0,15800.0,14550.0,527059.0
1129,1129,2019.08.06,14100.0,550.0,14300.0,14900.0,14050.0,569338.0
1130,1130,2019.08.07,14500.0,400.0,14350.0,14600.0,14000.0,342073.0
1131,1131,2019.08.08,15250.0,750.0,14550.0,15400.0,14400.0,420579.0
1132,1132,2019.08.09,15200.0,50.0,15350.0,15750.0,15000.0,303961.0
1133,1133,2019.08.12,15800.0,600.0,15150.0,15850.0,15050.0,370914.0
1134,1134,2019.08.13,16550.0,750.0,15600.0,17000.0,15400.0,1206661.0
1135,1135,2019.08.14,16600.0,50.0,16900.0,17200.0,16500.0,454738.0
1136,1136,2019.08.16,16450.0,150.0,16600.0,16900.0,16150.0,338323.0
1137,1137,2019.08.19,16000.0,450.0,16700.0,16800.0,15700.0,420317.0
1138,1138,2019.08.20,15400.0,600.0,16050.0,16200.0,15300.0,498277.0
1139,1139,2019.08.21,16550.0,1150.0,15200.0,16550.0,15200.0,626033.0
1140,1140,2019.08.22,16400.0,150.0,16700.0,16700.0,16300.0,291491.0
1141,1141,2019.08.23,16750.0,350.0,16500.0,16950.0,16100.0,343546.0
1142,1142,2019.08.26,16200.0,550.0,16200.0,16450.0,15900.0,233247.0
1143,1143,2019.08.27,16150.0,50.0,16650.0,16650.0,16150.0,148283.0
1144,1144,2019.08.28,16100.0,50.0,16250.0,16450.0,15900.0,182784.0
1145,1145,2019.08.29,15300.0,800.0,16200.0,16250.0,15000.0,273005.0
1146,1146,2019.08.30,15750.0,450.0,15450.0,16150.0,15400.0,219205.0
1147,1147,2019.09.02,15900.0,150.0,15700.0,16150.0,15550.0,107472.0
1148,1148,2019.09.03,16000.0,100.0,15850.0,16550.0,15850.0,153985.0
1149,1149,2019.09.04,15750.0,250.0,15900.0,16100.0,15550.0,178908.0
1150,1150,2019.09.05,17000.0,1250.0,15800.0,17150.0,15800.0,565066.0
1151,1151,2019.09.06,16600.0,400.0,17050.0,17100.0,16450.0,202681.0
1152,1152,2019.09.09,16600.0,0.0,16600.0,16850.0,16100.0,167104.0
1153,1153,2019.09.10,16700.0,100.0,16600.0,17050.0,16350.0,259617.0
1154,1154,2019.09.11,16700.0,0.0,17350.0,17550.0,16600.0,320558.0
1155,1155,2019.09.16,16200.0,500.0,16600.0,16700.0,15900.0,188240.0
1156,1156,2019.09.17,15850.0,350.0,16150.0,16350.0,15800.0,147401.0
1157,1157,2019.09.18,15900.0,50.0,15800.0,16200.0,15800.0,80057.0
1158,1158,2019.09.19,16200.0,300.0,15900.0,16750.0,15900.0,164276.0
1159,1159,2019.09.20,16500.0,300.0,16250.0,16650.0,16200.0,98425.0
1160,1160,2019.09.23,16150.0,350.0,16300.0,16500.0,15950.0,89907.0
1161,1161,2019.09.24,15850.0,300.0,16050.0,16300.0,15850.0,80350.0
1162,1162,2019.09.25,15400.0,450.0,15800.0,16000.0,15200.0,130093.0
1163,1163,2019.09.26,15150.0,250.0,15400.0,15700.0,15050.0,73077.0
1164,1164,2019.09.27,15300.0,150.0,15350.0,15600.0,15050.0,43206.0
1165,1165,2019.09.30,14700.0,600.0,15100.0,15450.0,14500.0,167956.0
1166,1166,2019.10.01,14950.0,250.0,14750.0,15200.0,14700.0,72085.0
1167,1167,2019.10.02,14800.0,150.0,14650.0,15150.0,14650.0,52074.0
1168,1168,2019.10.04,14400.0,400.0,14800.0,14800.0,14350.0,84367.0
1169,1169,2019.10.07,14500.0,100.0,14400.0,14800.0,14350.0,86639.0
1170,1170,2019.10.08,15100.0,600.0,14500.0,15350.0,14500.0,134836.0
1171,1171,2019.10.10,16150.0,1050.0,15100.0,16600.0,14550.0,418009.0
1172,1172,2019.10.11,16000.0,150.0,16150.0,16450.0,15650.0,256580.0
1173,1173,2019.10.14,16150.0,150.0,16100.0,16400.0,15850.0,125471.0
1174,1174,2019.10.15,16050.0,100.0,16150.0,16300.0,15900.0,132965.0
1175,1175,2019.10.16,16200.0,150.0,16350.0,16400.0,15750.0,146747.0
1176,1176,2019.10.17,15550.0,650.0,16250.0,16250.0,15350.0,220204.0
1177,1177,2019.10.18,15850.0,300.0,15650.0,16100.0,15500.0,119174.0
1178,1178,2019.10.21,15900.0,50.0,15850.0,16050.0,15700.0,73138.0
1179,1179,2019.10.22,15500.0,400.0,15900.0,16100.0,15150.0,241866.0
1180,1180,2019.10.23,15350.0,150.0,15500.0,15550.0,15150.0,99082.0
1181,1181,2019.10.24,15200.0,150.0,15350.0,15650.0,15150.0,100230.0
1182,1182,2019.10.25,16250.0,1050.0,15350.0,16550.0,15000.0,570185.0
1183,1183,2019.10.28,16450.0,200.0,16250.0,16650.0,16100.0,185793.0
1184,1184,2019.10.29,15900.0,550.0,16600.0,16750.0,15900.0,162963.0
1185,1185,2019.10.30,15300.0,600.0,15750.0,15900.0,15250.0,137730.0
1186,1186,2019.10.31,15250.0,50.0,15450.0,15600.0,15150.0,119215.0
1187,1187,2019.11.01,15150.0,100.0,15150.0,15500.0,15100.0,112205.0
1188,1188,2019.11.04,15500.0,350.0,15250.0,16000.0,15250.0,143762.0
1189,1189,2019.11.05,15500.0,0.0,15400.0,15600.0,15300.0,93187.0
1190,1190,2019.11.06,15300.0,200.0,15500.0,15600.0,15150.0,101452.0
1191,1191,2019.11.07,14950.0,350.0,15300.0,15400.0,14950.0,105958.0
1192,1192,2019.11.08,15000.0,50.0,15000.0,15200.0,14700.0,198782.0
1193,1193,2019.11.11,15050.0,50.0,15900.0,15900.0,15000.0,226462.0
1194,1194,2019.11.12,15300.0,250.0,15000.0,15300.0,15000.0,66259.0
1195,1195,2019.11.13,15200.0,100.0,15150.0,15350.0,15050.0,38066.0
1196,1196,2019.11.14,15500.0,300.0,15200.0,15650.0,15200.0,82814.0
1197,1197,2019.11.15,15250.0,250.0,15000.0,15400.0,14900.0,173080.0
1198,1198,2019.11.18,14300.0,950.0,15350.0,15500.0,13800.0,729073.0
1199,1199,2019.11.19,13750.0,550.0,14300.0,14400.0,13450.0,377714.0
1200,1200,2019.11.20,13750.0,0.0,13700.0,14150.0,13500.0,148235.0
1201,1201,2019.11.21,12000.0,1750.0,13450.0,13650.0,11500.0,919188.0
1202,1202,2019.11.22,11200.0,800.0,12000.0,12150.0,11050.0,783696.0
1203,1203,2019.11.25,12100.0,900.0,11250.0,12150.0,11250.0,577965.0
1204,1204,2019.11.26,12800.0,700.0,12050.0,12950.0,12050.0,395964.0
1205,1205,2019.11.27,12700.0,100.0,12850.0,12950.0,12500.0,86299.0
1206,1206,2019.11.28,12650.0,50.0,12700.0,12800.0,12250.0,122976.0
1207,1207,2019.11.29,12850.0,200.0,12650.0,12950.0,12300.0,113487.0
1208,1208,2019.12.02,12750.0,100.0,12900.0,12900.0,12600.0,84013.0
1209,1209,2019.12.03,12750.0,0.0,12600.0,12750.0,12450.0,47100.0
1210,1210,2019.12.04,12650.0,100.0,12550.0,12700.0,12500.0,50111.0
1211,1211,2019.12.05,12600.0,50.0,12700.0,12850.0,12500.0,88808.0
1212,1212,2019.12.06,12550.0,50.0,12600.0,12900.0,12450.0,117572.0
1213,1213,2019.12.09,12500.0,50.0,12550.0,12650.0,12350.0,70651.0
1214,1214,2019.12.10,11450.0,1050.0,12400.0,12450.0,11250.0,362092.0
1215,1215,2019.12.11,11700.0,250.0,11600.0,11800.0,11450.0,96147.0
1216,1216,2019.12.12,11700.0,0.0,11650.0,11900.0,11550.0,110714.0
1217,1217,2019.12.13,11700.0,0.0,11900.0,12000.0,11650.0,119195.0
1218,1218,2019.12.16,11650.0,50.0,11700.0,12300.0,11550.0,207393.0
1219,1219,2019.12.17,11800.0,150.0,11700.0,11850.0,11550.0,140468.0
1220,1220,2019.12.18,14200.0,2400.0,11750.0,15150.0,11500.0,3430624.0
1221,1221,2019.12.19,13700.0,500.0,14150.0,14400.0,13700.0,427561.0
1222,1222,2019.12.20,14950.0,1250.0,14000.0,15450.0,13950.0,1955799.0
1223,1223,2019.12.23,16200.0,1250.0,15900.0,16700.0,15350.0,1557196.0
1224,1224,2019.12.24,17550.0,1350.0,15750.0,17850.0,15550.0,1980193.0
1225,1225,2019.12.26,18200.0,650.0,17400.0,18450.0,17150.0,1146409.0
1226,1226,2019.12.27,19050.0,850.0,18450.0,20000.0,17650.0,1457183.0
1227,1227,2019.12.30,18650.0,400.0,19050.0,19600.0,18350.0,708305.0
1228,1228,2020.01.02,20200.0,1550.0,18700.0,20200.0,18450.0,699476.0
1229,1229,2020.01.03,20300.0,100.0,20850.0,21650.0,19700.0,1043570.0
1230,1230,2020.01.06,20900.0,600.0,19700.0,21400.0,19200.0,912811.0
1231,1231,2020.01.07,20900.0,0.0,21450.0,21550.0,20450.0,339433.0
1232,1232,2020.01.08,19500.0,1400.0,20450.0,21100.0,19500.0,586504.0
1233,1233,2020.01.09,21300.0,1800.0,20300.0,22300.0,20250.0,845204.0
1234,1234,2020.01.10,22300.0,1000.0,21250.0,22350.0,20800.0,332788.0
1235,1235,2020.01.13,21650.0,650.0,22500.0,22550.0,21400.0,421204.0
1236,1236,2020.01.14,24700.0,3050.0,22900.0,26000.0,22850.0,2199191.0
1237,1237,2020.01.15,26350.0,1650.0,24950.0,26750.0,24400.0,869864.0
1238,1238,2020.01.16,27950.0,1600.0,26400.0,30200.0,24500.0,2769115.0
1239,1239,2020.01.17,27500.0,450.0,28800.0,29350.0,27150.0,729751.0
1240,1240,2020.01.20,27500.0,0.0,27750.0,28250.0,26700.0,669012.0
1241,1241,2020.01.21,28000.0,500.0,28000.0,28300.0,26650.0,719888.0
1242,1242,2020.01.22,31000.0,3000.0,28350.0,31000.0,27250.0,1147883.0
1243,1243,2020.01.23,31200.0,200.0,30550.0,31850.0,30200.0,553281.0
1244,1244,2020.01.28,32100.0,900.0,29200.0,32400.0,29100.0,894078.0
1245,1245,2020.01.29,31200.0,900.0,32650.0,33000.0,31100.0,626557.0
1246,1246,2020.01.30,29300.0,1900.0,30450.0,31400.0,28450.0,1193102.0
1247,1247,2020.01.31,27750.0,1550.0,29350.0,30200.0,27200.0,1225626.0
1248,1248,2020.02.03,29800.0,2050.0,28050.0,29800.0,27000.0,1054600.0
1249,1249,2020.02.04,30150.0,350.0,30400.0,30800.0,29350.0,541967.0
1250,1250,2020.02.05,28950.0,1200.0,30000.0,30550.0,28250.0,917765.0
1251,1251,2020.02.06,29650.0,700.0,29750.0,30050.0,29000.0,530849.0
1252,1252,2020.02.07,28350.0,1300.0,29200.0,29350.0,27650.0,543702.0
1253,1253,2020.02.10,27200.0,1150.0,27750.0,28150.0,27100.0,481917.0
1254,1254,2020.02.11,26100.0,1100.0,27600.0,27750.0,25450.0,1099170.0
1255,1255,2020.02.12,26300.0,200.0,26350.0,27100.0,25900.0,612177.0
1256,1256,2020.02.13,27450.0,1150.0,26500.0,28100.0,26300.0,918742.0
1257,1257,2020.02.14,28000.0,550.0,27650.0,28150.0,26700.0,499003.0
1258,1258,2020.02.17,28200.0,200.0,27900.0,28700.0,27700.0,456118.0
1259,1259,2020.02.18,28150.0,50.0,28200.0,29200.0,27950.0,471428.0
1260,1260,2020.02.19,32000.0,3850.0,29100.0,32000.0,27600.0,1109154.0
1261,1261,2020.02.20,32900.0,900.0,32900.0,33700.0,30450.0,1016394.0
1262,1262,2020.02.21,31600.0,1300.0,31650.0,32800.0,31250.0,525645.0
1263,1263,2020.02.24,29200.0,2400.0,29350.0,30750.0,29000.0,798138.0
1264,1264,2020.02.25,31100.0,1900.0,29300.0,31400.0,28200.0,723551.0
1265,1265,2020.02.26,31300.0,200.0,30200.0,32200.0,29400.0,706811.0
1266,1266,2020.02.27,28700.0,2600.0,31000.0,31700.0,28550.0,974164.0
1267,1267,2020.02.28,26800.0,1900.0,27700.0,28400.0,26400.0,781400.0
1268,1268,2020.03.02,28300.0,1500.0,27450.0,28650.0,26950.0,629542.0
1269,1269,2020.03.03,28250.0,50.0,29800.0,29850.0,28200.0,469348.0
1270,1270,2020.03.04,30900.0,2650.0,28250.0,30900.0,28150.0,744338.0
1271,1271,2020.03.05,34500.0,3600.0,31400.0,35050.0,30500.0,1345651.0
1272,1272,2020.03.06,34550.0,50.0,34100.0,36150.0,32950.0,1398394.0
1273,1273,2020.03.09,30950.0,3600.0,33250.0,34050.0,30500.0,1252396.0
1274,1274,2020.03.10,31350.0,400.0,30500.0,31650.0,29100.0,1396648.0
1275,1275,2020.03.11,28850.0,2500.0,31000.0,31250.0,28000.0,1087718.0
1276,1276,2020.03.12,27900.0,950.0,28350.0,29700.0,26550.0,1102243.0
1277,1277,2020.03.13,26650.0,1250.0,25700.0,27700.0,23350.0,1252000.0
1278,1278,2020.03.16,23000.0,3650.0,27400.0,27800.0,23000.0,1101903.0
1279,1279,2020.03.17,23650.0,650.0,21700.0,24450.0,21100.0,1319898.0
1280,1280,2020.03.18,22900.0,750.0,24000.0,26100.0,22700.0,1210774.0
1281,1281,2020.03.19,20100.0,2800.0,24100.0,24250.0,19050.0,1513879.0
1282,1282,2020.03.20,22100.0,2000.0,21200.0,22150.0,20450.0,1102631.0
1283,1283,2020.03.23,19500.0,2600.0,20400.0,20750.0,19250.0,946839.0
1284,1284,2020.03.24,22400.0,2900.0,20900.0,22600.0,20200.0,1306975.0
1285,1285,2020.03.25,23650.0,1250.0,23150.0,23950.0,22200.0,1076356.0
1286,1286,2020.03.26,23450.0,200.0,23600.0,24650.0,22800.0,852862.0
1287,1287,2020.03.27,23150.0,300.0,24750.0,24800.0,22100.0,695135.0
1288,1288,2020.03.30,23050.0,100.0,22050.0,23250.0,21750.0,463548.0
1289,1289,2020.03.31,22950.0,100.0,23700.0,24200.0,22200.0,562396.0
1290,1290,2020.04.01,22600.0,350.0,22550.0,24750.0,22300.0,934191.0
1291,1291,2020.04.02,22900.0,300.0,23000.0,23200.0,21950.0,479726.0
1292,1292,2020.04.03,22650.0,250.0,23200.0,23600.0,22200.0,374532.0
1293,1293,2020.04.06,24800.0,2150.0,23050.0,24900.0,22650.0,820498.0
1294,1294,2020.04.07,25800.0,1000.0,25550.0,26500.0,24600.0,955090.0
1295,1295,2020.04.08,25650.0,150.0,25300.0,26700.0,24850.0,640434.0
1296,1296,2020.04.09,26150.0,500.0,26400.0,26500.0,25500.0,437075.0
1297,1297,2020.04.10,25450.0,700.0,26050.0,26100.0,24400.0,662487.0
1298,1298,2020.04.13,23750.0,1700.0,24900.0,24950.0,23450.0,485946.0
1299,1299,2020.04.14,23900.0,150.0,24250.0,24400.0,23650.0,410243.0
