,name,code
0,CJ프레시웨이,051500.KQ
1,CSA 코스믹,083660.KQ
2,GH신소재,130500.KQ
3,GST,083450.KQ
4,GS홈쇼핑,028150.KQ
5,JW신약,067290.KQ
6,KB오토시스,024120.KQ
7,KG모빌리언스,046440.KQ
8,SK5호스팩,337450.KQ
9,SK6호스팩,340350.KQ
10,THE E&M,089230.KQ
11,TJ미디어,032540.KQ
12,YW,051390.KQ
13,갤럭시아컴즈,094480.KQ
14,경창산업,024910.KQ
15,고려시멘트,198440.KQ
16,골프존,215000.KQ
17,교보8호스팩,307280.KQ
18,국순당,043650.KQ
19,그리티,204020.KQ
20,나노브릭,286750.KQ
21,나스미디어,089600.KQ
22,네오티스,085910.KQ
23,네이처셀,007390.KQ
24,녹십자셀,031390.KQ
25,뉴인텍,012340.KQ
26,뉴프렉스,085670.KQ
27,다산네트웍스,039560.KQ
28,대봉엘에스,078140.KQ
29,대유에이피,290120.KQ
30,대주산업,003310.KQ
31,대한약품,023910.KQ
32,동구바이오제약,006620.KQ
33,동양파일,228340.KQ
34,두올산업,078590.KQ
35,디에이피,066900.KQ
36,디엔에프,092070.KQ
37,디오,039840.KQ
38,디지틀조선,033130.KQ
39,디케이앤디,263020.KQ
40,라이트론,069540.KQ
41,루미마이크로,082800.KQ
42,룽투코리아,060240.KQ
43,링크제니시스,219420.KQ
44,매일홀딩스,005990.KQ
45,메디톡스,086900.KQ
46,메탈라이프,327260.KQ
47,모비스,250060.KQ
48,모트렉스,118990.KQ
49,미스터블루,207760.KQ
50,바디텍메드,206640.KQ
51,바이넥스,053030.KQ
52,브이티지엠피,018290.KQ
53,삼보산업,009620.KQ
54,삼보판지,023600.KQ
55,삼본전자,111870.KQ
56,삼아제약,009300.KQ
57,상지카일룸,042940.KQ
58,서암기계공업,100660.KQ
59,성창오토텍,080470.KQ
60,세보엠이씨,011560.KQ
61,세종메디칼,258830.KQ
62,세코닉스,053450.KQ
63,센트럴바이오,051980.KQ
64,셀루메드,049180.KQ
65,셀바스헬스케어,208370.KQ
66,스페코,013810.KQ
67,승일,049830.KQ
68,심텍,222800.KQ
69,싸이토젠,217330.KQ
70,씨케이에이치,900120.KQ
71,아나패스,123860.KQ
72,아바텍,149950.KQ
73,아이센스,099190.KQ
74,아이씨디,040910.KQ
75,아이원스,114810.KQ
76,아이티센,124500.KQ
77,알리코제약,260660.KQ
78,알에프세미,096610.KQ
79,알에프텍,061040.KQ
80,알테오젠,196170.KQ
81,앤디포스,238090.KQ
82,에스아이리소스,065420.KQ
83,에스에프씨,112240.KQ
84,에스엔텍비엠,160600.KQ
85,에쎈테크,043340.KQ
86,에이티넘인베스트,021080.KQ
87,에코프로비엠,247540.KQ
88,엑세스바이오,950130.KQ
89,엑시콘,092870.KQ
90,엔바이오니아,317870.KQ
91,엔터메이트,206400.KQ
92,엔피케이,048830.KQ
93,엘앤케이바이오,156100.KQ
94,엠게임,058630.KQ
95,엠씨넥스,097520.KQ
96,영화테크,265560.KQ
97,오공,045060.KQ
98,오픈베이스,049480.KQ
99,옵티시스,109080.KQ
100,와이지-원,019210.KQ
101,우리바이오,082850.KQ
102,원익QnC,074600.KQ
103,원익큐브,014190.KQ
104,웨이브일렉트로,095270.KQ
105,웰크론,065950.KQ
106,위지트,036090.KQ
107,유니온커뮤니티,203450.KQ
108,유니테크노,241690.KQ
109,유신,054930.KQ
110,유안타제5호스팩,336060.KQ
111,유진스팩5호,331380.KQ
112,유진테크,084370.KQ
113,이스트소프트,047560.KQ
114,이엠넷,123570.KQ
115,이엠코리아,095190.KQ
116,이지웰,090850.KQ
117,인베니아,079950.KQ
118,인텍플러스,064290.KQ
119,정상제이엘에스,040420.KQ
120,제우스,079370.KQ
121,제이엠티,094970.KQ
122,제이웨이,058420.KQ
123,제일제강,023440.KQ
124,제주반도체,080220.KQ
125,젬백스,082270.KQ
126,조아제약,034940.KQ
127,주성엔지니어링,036930.KQ
128,지엔씨에너지,119850.KQ
129,지엔코,065060.KQ
130,지티지웰니스,219750.KQ
131,캐스텍코리아,071850.KQ
132,케이비제20호스팩,342550.KQ
133,케이피엠테크,042040.KQ
134,케이피티유,054410.KQ
135,켄코아에어로스페이스,274090.KQ
136,코렌,078650.KQ
137,코스온,069110.KQ
138,코썬바이오,204990.KQ
139,코프라,126600.KQ
140,키이스트,054780.KQ
141,토탈소프트,045340.KQ
142,특수건설,026150.KQ
143,티라유텍,322180.KQ
144,티앤알바이오팹,246710.KQ
145,티에스이,131290.KQ
146,파커스,065690.KQ
147,판타지오,032800.KQ
148,패션플랫폼,225590.KQ
149,푸드웰,005670.KQ
150,프로스테믹스,203690.KQ
151,피델릭스,032580.KQ
152,피에스엠씨,024850.KQ
153,하나금융15호스팩,341160.KQ
154,하이즈항공,221840.KQ
155,한국맥널티,222980.KQ
156,한국전자금융,063570.KQ
157,한국코퍼레이션,050540.KQ
158,한솔시큐어,070300.KQ
159,한솔인티큐브,070590.KQ
160,한양디지텍,078350.KQ
161,한일진공,123840.KQ
162,한일화학,007770.KQ
163,한컴MDS,086960.KQ
164,한화에이스스팩4호,279410.KQ
165,해마로푸드서비스,220630.KQ
166,화성밸브,039610.KQ
167,화이브라더스코리아,204630.KQ
168,휴맥스,115160.KQ
169,APS홀딩스,054620.KQ
170,CJ ENM,035760.KQ
171,CMG제약,058820.KQ
172,CS,065770.KQ
173,EDGC,245620.KQ
174,EG,037370.KQ
175,HRS,036640.KQ
176,KJ프리텍,083470.KQ
177,KMH,122450.KQ
178,KNN,058400.KQ
179,MP그룹,065150.KQ
180,NICE평가정보,030190.KQ
181,PN풍년,024940.KQ
182,SCI평가정보,036120.KQ
183,SM C&C,048550.KQ
184,SNK,950180.KQ
185,감마누,192410.KQ
186,게임빌,063080.KQ
187,광림,014200.KQ
188,나노엔텍,039860.KQ
189,나이벡,138610.KQ
190,남화토건,091590.KQ
191,넥스턴,089140.KQ
192,넵튠,217270.KQ
193,노바렉스,194700.KQ
194,누리텔레콤,040160.KQ
195,뉴지랩,214870.KQ
196,뉴파워프라즈마,144960.KQ
197,대성파인텍,104040.KQ
198,대아티아이,045390.KQ
199,대주전자재료,078600.KQ
200,대창솔루션,096350.KQ
201,덕산네오룩스,213420.KQ
202,동아엘텍,088130.KQ
203,디알텍,214680.KQ
204,디엠티,134580.KQ
205,딜리,131180.KQ
206,라이브플렉스,050120.KQ
207,럭슬,033600.KQ
208,레드로버,060300.KQ
209,레드캡투어,038390.KQ
210,레이언스,228850.KQ
211,로보로보,215100.KQ
212,메디앙스,014100.KQ
213,메디포럼제약,047920.KQ
214,메이슨캐피탈,021880.KQ
215,메타바이오메드,059210.KQ
216,모두투어,080160.KQ
217,무림SP,001810.KQ
218,미래생명자원,218150.KQ
219,미래에셋대우스팩3호,328380.KQ
220,미래에셋벤처투자,100790.KQ
221,미코,059090.KQ
222,바른손,018700.KQ
223,바른테크놀로지,029480.KQ
224,버킷스튜디오,066410.KQ
225,부스타,008470.KQ
226,비덴트,121800.KQ
227,비즈니스온,138580.KQ
228,비트컴퓨터,032850.KQ
229,사람인에이치알,143240.KQ
230,삼륭물산,014970.KQ
231,삼양옵틱스,225190.KQ
232,삼영이엔씨,065570.KQ
233,삼일,032280.KQ
234,삼일기업공사,002290.KQ
235,삼지전자,037460.KQ
236,삼진,032750.KQ
237,삼화네트웍스,046390.KQ
238,상신이디피,091580.KQ
239,서린바이오,038070.KQ
240,서울바이오시스,092190.KQ
241,서호전기,065710.KQ
242,성우하이텍,015750.KQ
243,세경하이테크,148150.KQ
244,세명전기,017510.KQ
245,손오공,066910.KQ
246,솔루에타,154040.KQ
247,수성,084180.KQ
248,슈펙스비앤피,058530.KQ
249,슈프리마,236200.KQ
250,신라에스지,025870.KQ
251,신라젠,215600.KQ
252,신영스팩5호,323280.KQ
253,아가방컴퍼니,013990.KQ
254,아모텍,052710.KQ
255,아미코젠,092040.KQ
256,아이에이,038880.KQ
257,아이에이네트웍스,123010.KQ
258,아이오케이,078860.KQ
259,아이티엠반도체,084850.KQ
260,액토즈소프트,052790.KQ
261,액트로,290740.KQ
262,앱클론,174900.KQ
263,에스에스알,275630.KQ
264,에스제이그룹,306040.KQ
265,에스티팜,237690.KQ
266,에이치엘비,028300.KQ
267,에이프런티어,036180.KQ
268,에프에스티,036810.KQ
269,엔에이치스팩12호,273060.KQ
270,엔에이치스팩14호,319400.KQ
271,엔지켐생명과학,183490.KQ
272,엔케이맥스,182400.KQ
273,엠벤처투자,019590.KQ
274,연우,115960.KQ
275,영신금속,007530.KQ
276,예림당,036000.KQ
277,오르비텍,046120.KQ
278,오성첨단소재,052420.KQ
279,오션브릿지,241790.KQ
280,와이디온라인,052770.KQ
281,우리손에프앤지,073560.KQ
282,우수AMS,066590.KQ
283,원일특강,012620.KQ
284,원풍물산,008290.KQ
285,윌링스,313760.KQ
286,유니테스트,086390.KQ
287,유안타제6호스팩,340360.KQ
288,유티아이,179900.KQ
289,육일씨엔에쓰,191410.KQ
290,이글루시큐리티,067920.KQ
291,이글벳,044960.KQ
292,이랜시스,264850.KQ
293,이매진아시아,036260.KQ
294,이에스브이,223310.KQ
295,이에스에이,052190.KQ
296,이엠텍,091120.KQ
297,이즈미디어,181340.KQ
298,이지케어텍,099750.KQ
299,인선이엔티,060150.KQ
300,인포바인,115310.KQ
301,인포뱅크,039290.KQ
302,잉크테크,049550.KQ
303,정다운,208140.KQ
304,제이스텍,090470.KQ
305,제일바이오,052670.KQ
306,젬백스지오,041590.KQ
307,줌인터넷,239340.KQ
308,지니뮤직,043610.KQ
309,지니언스,263860.KQ
310,지란지교시큐리티,208350.KQ
311,지스마트글로벌,114570.KQ
312,지트리비앤티,115450.KQ
313,참좋은여행,094850.KQ
314,컬러레이,900310.KQ
315,케이비제19호스팩,330990.KQ
316,케이씨피드,025880.KQ
317,코너스톤네트웍스,033110.KQ
318,코데즈컴바인,047770.KQ
319,코메론,049430.KQ
320,코미팜,041960.KQ
321,코웰패션,033290.KQ
322,코위버,056360.KQ
323,콜마비앤에이치,200130.KQ
324,큐브엔터,182360.KQ
325,크로바하이텍,043590.KQ
326,클리오,237880.KQ
327,키움제5호스팩,311270.KQ
328,테고사이언스,191420.KQ
329,테스나,131970.KQ
330,파라텍,033540.KQ
331,파루,043200.KQ
332,파세코,037070.KQ
333,파수,150900.KQ
334,파워로직스,047310.KQ
335,파인디지털,038950.KQ
336,팬엔터테인먼트,068050.KQ
337,펌텍코리아,251970.KQ
338,포시에스,189690.KQ
339,풍강,093380.KQ
340,피에스텍,002230.KQ
341,하나마이크론,067310.KQ
342,하이록코리아,013030.KQ
343,한국경제TV,039340.KQ
344,한국바이오젠,318000.KQ
345,한국비엔씨,256840.KQ
346,한국아트라스비엑스,023890.KQ
347,한국알콜,017890.KQ
348,한국정보통신,025770.KQ
349,한국팩키지,037230.KQ
350,한일단조,024740.KQ
351,한컴위드,054920.KQ
352,한탑,002680.KQ
353,형지I&C,011080.KQ
354,휴네시온,290270.KQ
355,휴맥스홀딩스,028080.KQ
356,DB금융스팩7호,322780.KQ
357,IBKS제10호스팩,299170.KQ
358,JTC,950170.KQ
359,KCC건설,021320.KQ
360,KCI,036670.KQ
361,KG ETS,151860.KQ
362,NEW,160550.KQ
363,SBI핀테크솔루션즈,950110.KQ
364,SKC코오롱PI,178920.KQ
365,SK바이오랜드,052260.KQ
366,SM Life Design,063440.KQ
367,YBM넷,057030.KQ
368,iMBC,052220.KQ
369,교보9호스팩,331520.KQ
370,나노신소재,121600.KQ
371,넥슨지티,041140.KQ
372,노터스,278650.KQ
373,녹원씨엔아이,065560.KQ
374,누리플랜,069140.KQ
375,뉴프라이드,900100.KQ
376,다원시스,068240.KQ
377,대원산업,005710.KQ
378,대유,290380.KQ
379,덕신하우징,090410.KQ
380,데일리블록체인,139050.KQ
381,동신건설,025950.KQ
382,동일기연,032960.KQ
383,듀오백,073190.KQ
384,드래곤플라이,030350.KQ
385,디지아이,043360.KQ
386,디지털대성,068930.KQ
387,디티앤씨,187220.KQ
388,램테크놀러지,171010.KQ
389,랩지노믹스,084650.KQ
390,레고켐바이오,141080.KQ
391,로고스바이오,238120.KQ
392,로보스타,090360.KQ
393,리드,197210.KQ
394,리드코프,012700.KQ
395,머큐리,100590.KQ
396,메디포스트,078160.KQ
397,미래컴퍼니,049950.KQ
398,바이오니아,064550.KQ
399,베뉴지,019010.KQ
400,베셀,177350.KQ
401,보라티알,250000.KQ
402,부방,014470.KQ
403,브리지텍,064480.KQ
404,삼진엘앤디,054090.KQ
405,삼천리자전거,024950.KQ
406,삼현철강,017480.KQ
407,상아프론테크,089980.KQ
408,서남,294630.KQ
409,서부T&D,006730.KQ
410,서산,079650.KQ
411,서진오토모티브,122690.KQ
412,성우테크론,045300.KQ
413,세운메디칼,100700.KQ
414,세종텔레콤,036630.KQ
415,소프트캠프,258790.KQ
416,솔본,035610.KQ
417,수산아이앤티,050960.KQ
418,슈피겐코리아,192440.KQ
419,시공테크,020710.KQ
420,시그네틱스,033170.KQ
421,신신제약,002800.KQ
422,신테카바이오,226330.KQ
423,신한제5호스팩,323230.KQ
424,신한제6호스팩,333050.KQ
425,실리콘웍스,108320.KQ
426,쎄노텍,222420.KQ
427,쎄미시스코,136510.KQ
428,쎄트렉아이,099320.KQ
429,쎌바이오텍,049960.KQ
430,씨엠에스에듀,225330.KQ
431,씨큐브,101240.KQ
432,아비코전자,036010.KQ
433,아진산업,013310.KQ
434,아프리카TV,067160.KQ
435,알티캐스트,085810.KQ
436,애니젠,196300.KQ
437,액션스퀘어,205500.KQ
438,에스마크,030270.KQ
439,에스앤더블류,103230.KQ
440,에스에프에이,056190.KQ
441,에스엠코어,007820.KQ
442,에스트래픽,234300.KQ
443,에스퓨얼셀,288620.KQ
444,에이디칩스,054630.KQ
445,에이비엘바이오,298380.KQ
446,에이스침대,003800.KQ
447,에이스토리,241840.KQ
448,에이치시티,072990.KQ
449,에이텍티앤,224110.KQ
450,엑셈,205100.KQ
451,엔텔스,069410.KQ
452,엘디티,096870.KQ
453,엘비세미콘,061970.KQ
454,엘아이에스,138690.KQ
455,엘엠에스,073110.KQ
456,엘컴텍,037950.KQ
457,예스티,122640.KQ
458,오상자이엘,053980.KQ
459,오스테오닉,226400.KQ
460,오텍,067170.KQ
461,원익머트리얼즈,104830.KQ
462,원익홀딩스,030530.KQ
463,원풍,008370.KQ
464,웹젠,069080.KQ
465,위닉스,044340.KQ
466,위메이드,112040.KQ
467,위세아이텍,065370.KQ
468,유비벨록스,089850.KQ
469,유비쿼스,264450.KQ
470,유안타제4호스팩,313750.KQ
471,유테크,178780.KQ
472,이건홀딩스,039020.KQ
473,이노와이어리스,073490.KQ
474,이녹스첨단소재,272290.KQ
475,이랜텍,054210.KQ
476,이수앱지스,086890.KQ
477,이엑스티,226360.KQ
478,인성정보,033230.KQ
479,인탑스,049070.KQ
480,인포마크,175140.KQ
481,재영솔루텍,049630.KQ
482,제로투세븐,159580.KQ
483,제이스테판,096690.KQ
484,제이씨현시스템,033320.KQ
485,제이앤티씨,204270.KQ
486,제이티,089790.KQ
487,조이맥스,101730.KQ
488,진매트릭스,109820.KQ
489,진바이오텍,086060.KQ
490,진성티이씨,036890.KQ
491,캠시스,050110.KQ
492,케어젠,214370.KQ
493,케이비제18호스팩,323940.KQ
494,케이피에프,024880.KQ
495,코나아이,052400.KQ
496,코다코,046070.KQ
497,코리아에셋투자증권,190650.KQ
498,코미코,183300.KQ
499,코센,009730.KQ
500,코아시아,045970.KQ
501,코이즈,121850.KQ
502,타이거일렉,219130.KQ
503,탑엔지니어링,065130.KQ
504,태웅로직스,124560.KQ
505,텔콘RF제약,200230.KQ
506,토비스,051360.KQ
507,티씨케이,064760.KQ
508,파라다이스,034230.KQ
509,파멥신,208340.KQ
510,파워넷,037030.KQ
511,팍스넷,038160.KQ
512,프로텍,053610.KQ
513,플레이디,237820.KQ
514,피에스케이,319660.KQ
515,픽셀플러스,087600.KQ
516,필옵틱스,161580.KQ
517,하나금융14호스팩,332710.KQ
518,한국제7호스팩,291210.KQ
519,한국캐피탈,023760.KQ
520,한일네트웍스,046110.KQ
521,헬릭스미스,084990.KQ
522,효성오앤비,097870.KQ
523,휴젤,145020.KQ
524,희림,037440.KQ
525,DSC인베스트먼트,241520.KQ
526,IBKS제7호스팩,276920.KQ
527,MP한강,219550.KQ
528,NHN벅스,104200.KQ
529,SDN,099220.KQ
530,SK4호스팩,307070.KQ
531,SKC 솔믹스,057500.KQ
532,SK머티리얼즈,036490.KQ
533,UCI,038340.KQ
534,WI,073570.KQ
535,가비아,079940.KQ
536,강스템바이오텍,217730.KQ
537,경남스틸,039240.KQ
538,교보7호스팩,267320.KQ
539,국일신동,060480.KQ
540,글로벌텍스프리,204620.KQ
541,글로본,019660.KQ
542,나노,187790.KQ
543,네오위즈홀딩스,042420.KQ
544,넥스트BT,065170.KQ
545,대명코퍼레이션,007720.KQ
546,대성미생물,036480.KQ
547,대신밸런스제7호스팩,332290.KQ
548,대양전기공업,108380.KQ
549,대원,007680.KQ
550,대한과학,131220.KQ
551,대한뉴팜,054670.KQ
552,덕산테코피아,317330.KQ
553,덕산하이메탈,077360.KQ
554,동국산업,005160.KQ
555,동국제약,086450.KQ
556,동방선기,099410.KQ
557,동진쎄미켐,005290.KQ
558,디바이스이엔지,187870.KQ
559,디알젬,263690.KQ
560,디에스티,033430.KQ
561,디엔에이링크,127120.KQ
562,라이브파이낸셜,036170.KQ
563,라이온켐텍,171120.KQ
564,러셀,217500.KQ
565,레이크머티리얼즈,281740.KQ
566,로지시스,067730.KQ
567,린드먼아시아,277070.KQ
568,링네트,042500.KQ
569,마니커에프앤지,195500.KQ
570,마이크로프랜드,147760.KQ
571,메가스터디교육,215200.KQ
572,모베이스전자,012860.KQ
573,민앤지,214180.KQ
574,바른전자,064520.KQ
575,바이온,032980.KQ
576,비에이치아이,083650.KQ
577,삼원테크,073640.KQ
578,상보,027580.KQ
579,새로닉스,042600.KQ
580,서연탑메탈,019770.KQ
581,서울리거,043710.KQ
582,서울반도체,046890.KQ
583,서울전자통신,027040.KQ
584,서원인텍,093920.KQ
585,선데이토즈,123420.KQ
586,성호전자,043260.KQ
587,세원,234100.KQ
588,셀트리온제약,068760.KQ
589,슈프리마에이치큐,094840.KQ
590,스킨앤스킨,159910.KQ
591,스타플렉스,115570.KQ
592,스튜디오드래곤,253450.KQ
593,신원종합개발,017000.KQ
594,신흥에스이씨,243840.KQ
595,씨앤지하이테크,264660.KQ
596,아리온,058220.KQ
597,아세아텍,050860.KQ
598,아스타,246720.KQ
599,아스트,067390.KQ
600,아우딘퓨쳐스,227610.KQ
601,아이엘사이언스,307180.KQ
602,아이엠텍,226350.KQ
603,아이즈비전,031310.KQ
604,아이큐어,175250.KQ
605,아이크래프트,052460.KQ
606,알에스오토메이션,140670.KQ
607,액트,131400.KQ
608,에스디생명공학,217480.KQ
609,에스모 머티리얼즈,087730.KQ
610,에스앤씨엔진그룹,900080.KQ
611,에스텍파마,041910.KQ
612,에이비프로바이오,195990.KQ
613,에이스테크,088800.KQ
614,에이씨티,138360.KQ
615,에이치엔티,176440.KQ
616,에이치엘사이언스,239610.KQ
617,에이티세미콘,089530.KQ
618,에이팩트,200470.KQ
619,에이프로젠 H&G,109960.KQ
620,에코플라스틱,038110.KQ
621,에프알텍,073540.KQ
622,엑사이엔씨,054940.KQ
623,엔브이에이치코리아,067570.KQ
624,엔에스,217820.KQ
625,엔피디,198080.KQ
626,엘오티베큠,083310.KQ
627,엠플러스,259630.KQ
628,연이정보통신,090740.KQ
629,예스24,053280.KQ
630,오가닉티코스메틱,900300.KQ
631,옵트론텍,082210.KQ
632,옵티팜,153710.KQ
633,와이솔,122990.KQ
634,와이아이케이,232140.KQ
635,와이오엠,066430.KQ
636,우노앤컴퍼니,114630.KQ
637,우리산업홀딩스,072470.KQ
638,우림기계,101170.KQ
639,우양,103840.KQ
640,원익,032940.KQ
641,유성티엔에스,024800.KQ
642,유에스티,263770.KQ
643,이노인스트루먼트,215790.KQ
644,이녹스,088390.KQ
645,이루온,065440.KQ
646,이엘케이,094190.KQ
647,이엘피,063760.KQ
648,이트론,096040.KQ
649,인터로조,119610.KQ
650,인터파크,108790.KQ
651,인터플렉스,051370.KQ
652,일야,058450.KQ
653,잉글우드랩,950140.KQ
654,자이글,234920.KQ
655,전파기지국,065530.KQ
656,제너셈,217190.KQ
657,제넨바이오,072520.KQ
658,제노레이,122310.KQ
659,제룡전기,033100.KQ
660,조광ILI,044060.KQ
661,체리부로,066360.KQ
662,칩스앤미디어,094360.KQ
663,컴퍼니케이,307930.KQ
664,케이사인,192250.KQ
665,케이씨에스,115500.KQ
666,케이씨티,089150.KQ
667,케이아이엔엑스,093320.KQ
668,켐온,217600.KQ
669,코드네이처,078940.KQ
670,코맥스,036690.KQ
671,코세스,089890.KQ
672,코스맥스엔비티,222040.KQ
673,코스메카코리아,241710.KQ
674,코엔텍,029960.KQ
675,코텍,052330.KQ
676,큐캐피탈,016600.KQ
677,크리스탈신소재,900250.KQ
678,트루윈,105550.KQ
679,티로보틱스,117730.KQ
680,파마리서치프로덕트,214450.KQ
681,파인디앤씨,049120.KQ
682,파인텍,131760.KQ
683,펩트론,087010.KQ
684,포스링크,056730.KQ
685,풍국주정,023900.KQ
686,퓨쳐켐,220100.KQ
687,피씨디렉트,051380.KQ
688,피앤텔,054340.KQ
689,피에스케이홀딩스,031980.KQ
690,한국유니온제약,080720.KQ
691,한국컴퓨터,054040.KQ
692,한글과컴퓨터,030520.KQ
693,한일사료,005860.KQ
694,행남사,008800.KQ
695,헝셩그룹,900270.KQ
696,현대바이오,048410.KQ
697,휴온스,243070.KQ
698,CNH,023460.KQ
699,DMS,068790.KQ
700,IBKS제11호스팩,335890.KQ
701,ITX엠투엠,099520.KQ
702,KBI메탈,024840.KQ
703,KH바텍,060720.KQ
704,KMH하이텍,052900.KQ
705,KPX생명과학,114450.KQ
706,KTH,036030.KQ
707,SBS콘텐츠허브,046140.KQ
708,SG&G,040610.KQ
709,SGA,049470.KQ
710,TPC,048770.KQ
711,TS인베스트먼트,246690.KQ
712,W홀딩컴퍼니,052300.KQ
713,가온미디어,078890.KQ
714,경동제약,011040.KQ
715,고영,098460.KQ
716,골드퍼시픽,038530.KQ
717,골든센츄리,900280.KQ
718,광진윈텍,090150.KQ
719,구영테크,053270.KQ
720,국보디자인,066620.KQ
721,나이스정보통신,036800.KQ
722,남화산업,111710.KQ
723,네스엠,056000.KQ
724,네오오토,212560.KQ
725,네오위즈,095660.KQ
726,네오크레마,311390.KQ
727,네이블커뮤니케이션즈,153460.KQ
728,넷게임즈,225570.KQ
729,노바텍,285490.KQ
730,녹십자엠에스,142280.KQ
731,뉴보텍,060260.KQ
732,다날,064260.KQ
733,다우데이타,032190.KQ
734,대원미디어,048910.KQ
735,대호피앤씨,021040.KQ
736,대화제약,067080.KQ
737,데브시스터즈,194480.KQ
738,동아화성,041930.KQ
739,디앤씨미디어,263720.KQ
740,디이엔티,079810.KQ
741,라닉스,317120.KQ
742,라온피플,300120.KQ
743,로스웰,900260.KQ
744,리더스코스메틱,016100.KQ
745,메가엠디,133750.KQ
746,메드팩토,235980.KQ
747,메카로,241770.KQ
748,멜파스,096640.KQ
749,모베이스,101330.KQ
750,모아텍,033200.KQ
751,미래에셋대우스팩4호,333430.KQ
752,바이오스마트,038460.KQ
753,바텍,043150.KQ
754,보광산업,225530.KQ
755,본느,226340.KQ
756,브릿지바이오,288330.KQ
757,블러썸엠앤씨,263920.KQ
758,비디아이,148140.KQ
759,비엠티,086670.KQ
760,비츠로셀,082920.KQ
761,비츠로시스,054220.KQ
762,삼기오토모티브,122350.KQ
763,삼보모터스,053700.KQ
764,삼영엠텍,054540.KQ
765,삼천당제약,000250.KQ
766,샘코,263540.KQ
767,서울옥션,063170.KQ
768,서한,011370.KQ
769,성도이엔지,037350.KQ
770,성우전자,081580.KQ
771,세원물산,024830.KQ
772,셀바스AI,108860.KQ
773,스맥,099440.KQ
774,스카이문스테크놀로지,033790.KQ
775,시너지이노베이션,048870.KQ
776,시노펙스,025320.KQ
777,시큐브,131090.KQ
778,신성델타테크,065350.KQ
779,신화인터텍,056700.KQ
780,씨젠,096530.KQ
781,아난티,025980.KQ
782,아이진,185490.KQ
783,아이컴포넌트,059100.KQ
784,아즈텍WB,032080.KQ
785,안랩,053800.KQ
786,안트로젠,065660.KQ
787,알서포트,131370.KQ
788,애니플러스,310200.KQ
789,어보브반도체,102120.KQ
790,에버다임,041440.KQ
791,에스넷,038680.KQ
792,에스디시스템,121890.KQ
793,에스앤에스텍,101490.KQ
794,에스에이엠티,031330.KQ
795,에스와이,109610.KQ
796,에스제이케이,080440.KQ
797,에스티큐브,052020.KQ
798,에스피지,058610.KQ
799,에이피티씨,089970.KQ
800,에코마케팅,230360.KQ
801,에코바이오,038870.KQ
802,에코캡,128540.KQ
803,에프앤리퍼블릭,064090.KQ
804,에프엔에스테크,083500.KQ
805,엔에스엔,031860.KQ
806,엔에이치스팩13호,310840.KQ
807,엔에이치스팩15,339950.KQ
808,엠아이텍,179290.KQ
809,엠에스오토텍,123040.KQ
810,엠케이전자,033160.KQ
811,오스템임플란트,048260.KQ
812,오이솔루션,138080.KQ
813,올리패스,244460.KQ
814,와이엠씨,155650.KQ
815,와이엠티,251370.KQ
816,와이제이엠게임즈,193250.KQ
817,우리조명,037400.KQ
818,원익IPS,240810.KQ
819,유니슨,018000.KQ
820,유니크,011320.KQ
821,유아이디,069330.KQ
822,유아이엘,049520.KQ
823,이상네트웍스,080010.KQ
824,이테크건설,016250.KQ
825,이퓨쳐,134060.KQ
826,이화공영,001840.KQ
827,인텔리안테크,189300.KQ
828,인피니트헬스케어,071200.KQ
829,일신바이오,068330.KQ
830,장원테크,174880.KQ
831,제낙스,065620.KQ
832,제닉,123330.KQ
833,제이씨케미칼,137950.KQ
834,좋은사람들,033340.KQ
835,중앙백신,072020.KQ
836,지니틱스,303030.KQ
837,지엔원에너지,270520.KQ
838,청보산업,013720.KQ
839,카스,016920.KQ
840,케이비17호스팩,317030.KQ
841,케이에스피,073010.KQ
842,코디,080530.KQ
843,코리아센터,290510.KQ
844,큐리언트,115180.KQ
845,큐브앤컴퍼니,043090.KQ
846,크린앤사이언스,045520.KQ
847,태웅,044490.KQ
848,테라셈,182690.KQ
849,토박스코리아,215480.KQ
850,티케이케미칼,104480.KQ
851,팅크웨어,084730.KQ
852,파이오링크,170790.KQ
853,팜스토리,027710.KQ
854,푸드나무,290720.KQ
855,푸른저축은행,007330.KQ
856,프리엠스,053160.KQ
857,플랜티넷,075130.KQ
858,플레이위드,023770.KQ
859,피엔티,137400.KQ
860,피제이메탈,128660.KQ
861,하나머티리얼즈,166090.KQ
862,한국선재,025550.KQ
863,한국전자인증,041460.KQ
864,한국정보공학,039740.KQ
865,한국큐빅,021650.KQ
866,한국테크놀로지,053590.KQ
867,한독크린텍,256150.KQ
868,한양이엔지,045100.KQ
869,한프,066110.KQ
870,한화플러스제1호스팩,340440.KQ
871,현대사료,016790.KQ
872,현우산업,092300.KQ
873,홈캐스트,064240.KQ
874,휴메딕스,200670.KQ
875,3S,060310.KQ
876,EMW,079190.KQ
877,JYP Ent.,035900.KQ
878,RFHIC,218410.KQ
879,경남제약,053950.KQ
880,고려신용정보,049720.KQ
881,광진실업,026910.KQ
882,국영지앤엠,006050.KQ
883,그린플러스,186230.KQ
884,기산텔레콤,035460.KQ
885,나무기술,242040.KQ
886,나이스디앤비,130580.KQ
887,네오셈,253590.KQ
888,네패스,033640.KQ
889,대동금속,020400.KQ
890,대림제지,017650.KQ
891,대신밸런스제6호스팩,307750.KQ
892,대신정보통신,020180.KQ
893,더블유에프엠,035290.KQ
894,동국알앤에스,075970.KQ
895,동우팜투테이블,088910.KQ
896,동운아나텍,094170.KQ
897,디아이티,110990.KQ
898,디에이치피코리아,131030.KQ
899,디케이락,105740.KQ
900,디케이티,290550.KQ
901,라온시큐어,042510.KQ
902,리노스,039980.KQ
903,리더스 기술투자,019570.KQ
904,마이크로컨텍솔,098120.KQ
905,매직마이크로,127160.KQ
906,메가스터디,072870.KQ
907,메지온,140410.KQ
908,모다이노칩,080420.KQ
909,모헨즈,006920.KQ
910,미디어젠,279600.KQ
911,미래SCI,028040.KQ
912,미래나노텍,095500.KQ
913,미래테크놀로지,213090.KQ
914,바이오리더스,142760.KQ
915,바이오빌,065940.KQ
916,뷰웍스,100120.KQ
917,브레인콘텐츠,066980.KQ
918,블루콤,033560.KQ
919,비에이치,090460.KQ
920,비츠로테크,042370.KQ
921,비피도,238200.KQ
922,빅텍,065450.KQ
923,삼강엠앤티,100090.KQ
924,삼성머스트스팩3호,309930.KQ
925,삼표시멘트,038500.KQ
926,상상인이안1호스팩,307870.KQ
927,선광,003100.KQ
928,세진티에스,067770.KQ
929,세화피앤씨,252500.KQ
930,신한제4호스팩,277480.KQ
931,신화콘텍,187270.KQ
932,쌍용정보통신,010280.KQ
933,쎄니트,037760.KQ
934,씨씨에스,066790.KQ
935,씨엔플러스,115530.KQ
936,씨유메디칼,115480.KQ
937,아시아경제,127710.KQ
938,아이디스홀딩스,054800.KQ
939,아이쓰리시스템,214430.KQ
940,아이씨케이,068940.KQ
941,아주IB투자,027360.KQ
942,안국약품,001540.KQ
943,알톤스포츠,123750.KQ
944,알파홀딩스,117670.KQ
945,압타바이오,293780.KQ
946,야스,255440.KQ
947,에스맥,097780.KQ
948,에스모,073070.KQ
949,에스에너지,095910.KQ
950,에스에이티,060540.KQ
951,에스엔유,080000.KQ
952,에스티오,098660.KQ
953,에이앤티앤,050320.KQ
954,에이에프더블류,312610.KQ
955,에이테크솔루션,071670.KQ
956,에코마이스터,064510.KQ
957,에프엔씨엔터,173940.KQ
958,엠에스씨,009780.KQ
959,엠젠플러스,032790.KQ
960,오디텍,080520.KQ
961,오로라,039830.KQ
962,오킨스전자,080580.KQ
963,와이엔텍,067900.KQ
964,와이지엔터테인먼트,122870.KQ
965,우리기술투자,041190.KQ
966,우리넷,115440.KQ
967,우리로,046970.KQ
968,우리산업,215360.KQ
969,우주일렉트로,065680.KQ
970,우진비앤지,018620.KQ
971,웹케시,053580.KQ
972,위니아딤채,071460.KQ
973,위지윅스튜디오,299900.KQ
974,윈스,136540.KQ
975,윈하이텍,192390.KQ
976,유니맥스글로벌,215090.KQ
977,유라테크,048430.KQ
978,유앤아이,056090.KQ
979,유틸렉스,263050.KQ
980,이그잭스,060230.KQ
981,이노와이즈,086250.KQ
982,이노테라피,246960.KQ
983,이니텍,053350.KQ
984,이더블유케이,258610.KQ
985,이베스트투자증권,078020.KQ
986,인바디,041830.KQ
987,인산가,277410.KQ
988,인지디스플레,037330.KQ
989,인콘,083640.KQ
990,인크로스,216050.KQ
991,인터엠,017250.KQ
992,일지테크,019540.KQ
993,제이엠아이,033050.KQ
994,지노믹트리,228760.KQ
995,지어소프트,051160.KQ
996,진로발효,018120.KQ
997,차이나그레이트,900040.KQ
998,초록뱀,047820.KQ
999,컴투스,078340.KQ
1000,케이디켐,221980.KQ
1001,케이피에스,256940.KQ
1002,코리아에스이,101670.KQ
1003,코아스템,166480.KQ
1004,큐렉소,060280.KQ
1005,큐로컴,040350.KQ
1006,크리스탈,083790.KQ
1007,태양,053620.KQ
1008,테크윙,089030.KQ
1009,티엘아이,062860.KQ
1010,티움바이오,321550.KQ
1011,파나진,046210.KQ
1012,파버나인,177830.KQ
1013,파인테크닉스,106240.KQ
1014,팜스빌,318010.KQ
1015,팬스타엔터프라이즈,054300.KQ
1016,펄어비스,263750.KQ
1017,평화정공,043370.KQ
1018,포메탈,119500.KQ
1019,포스코 ICT,022100.KQ
1020,포티스,141020.KQ
1021,피씨엘,241820.KQ
1022,피피아이,062970.KQ
1023,필링크,064800.KQ
1024,하나금융13호스팩,320000.KQ
1025,하나금융9호스팩,261200.KQ
1026,하이로닉,149980.KQ
1027,하이제4호스팩,317240.KQ
1028,한국정보인증,053300.KQ
1029,한국제8호스팩,310870.KQ
1030,한류타임즈,039670.KQ
1031,한스바이오메드,042520.KQ
1032,한창산업,079170.KQ
1033,한화에스비아이스팩,317320.KQ
1034,해덕파워웨이,102210.KQ
1035,현대공업,170030.KQ
1036,화신정공,126640.KQ
1037,휴림로봇,090710.KQ
1038,휴마시스,205470.KQ
1039,휴비츠,065510.KQ
1040,흥구석유,024060.KQ
1041,흥국,010240.KQ
1042,흥국에프엔비,189980.KQ
1043,GRT,900290.KQ
1044,HB테크놀러지,078150.KQ
1045,IBKS제12호스팩,335870.KQ
1046,ISC,095340.KQ
1047,KD,044180.KQ
1048,KG이니시스,035600.KQ
1049,NE능률,053290.KQ
1050,NHN한국사이버결제,060250.KQ
1051,SBI인베스트먼트,019550.KQ
1052,SG,255220.KQ
1053,SV인베스트먼트,289080.KQ
1054,고려제약,014570.KQ
1055,국일제지,078130.KQ
1056,금강철강,053260.KQ
1057,기가레인,049080.KQ
1058,나노스,151910.KQ
1059,나노캠텍,091970.KQ
1060,나라엠앤디,051490.KQ
1061,나우IB,293580.KQ
1062,내츄럴엔도텍,168330.KQ
1063,네오펙트,290660.KQ
1064,노랑풍선,104620.KQ
1065,녹십자랩셀,144510.KQ
1066,녹십자웰빙,234690.KQ
1067,뉴로스,126870.KQ
1068,대동기어,008830.KQ
1069,대륙제관,004780.KQ
1070,대모,317850.KQ
1071,대성엘텍,025440.KQ
1072,대성창투,027830.KQ
1073,대양제지,006580.KQ
1074,대정화금,120240.KQ
1075,대창스틸,140520.KQ
1076,덕우전자,263600.KQ
1077,동국S&C,100130.KQ
1078,동성화인텍,033500.KQ
1079,동양에스텍,060380.KQ
1080,동양이엔피,079960.KQ
1081,동양피엔에프,104460.KQ
1082,동일철강,023790.KQ
1083,디스플레이텍,066670.KQ
1084,디에스케이,109740.KQ
1085,디오스텍,196450.KQ
1086,디자인,227100.KQ
1087,디젠스,113810.KQ
1088,디케이디앤아이,033310.KQ
1089,라파스,214260.KQ
1090,레이,228670.KQ
1091,리메드,302550.KQ
1092,마이크로디지탈,305090.KQ
1093,마이크로텍,227950.KQ
1094,매일유업,267980.KQ
1095,맥스로텍,141070.KQ
1096,멀티캠퍼스,067280.KQ
1097,메디프론,065650.KQ
1098,명성티엔에스,257370.KQ
1099,모바일어플라이언스,087260.KQ
1100,미투온,201490.KQ
1101,바른손이앤에이,035620.KQ
1102,바이오로그디바이스,208710.KQ
1103,바이오솔루션,086820.KQ
1104,바이오톡스텍,086040.KQ
1105,버추얼텍,036620.KQ
1106,빅솔론,093190.KQ
1107,삼목에스폼,018310.KQ
1108,삼성스팩2호,291230.KQ
1109,상상인,038540.KQ
1110,상신전자,263810.KQ
1111,서진시스템,178320.KQ
1112,서플러스글로벌,140070.KQ
1113,선익시스템,171090.KQ
1114,세중,039310.KQ
1115,세틀뱅크,234340.KQ
1116,셀리버리,268600.KQ
1117,셀트리온헬스케어,091990.KQ
1118,소리바다,053110.KQ
1119,소프트센,032680.KQ
1120,솔고바이오,043100.KQ
1121,쇼박스,086980.KQ
1122,스타모빌리티,158310.KQ
1123,시스웍,269620.KQ
1124,신라섬유,001000.KQ
1125,신진에스엠,138070.KQ
1126,심텍홀딩스,036710.KQ
1127,씨티씨바이오,060590.KQ
1128,씨티케이코스메틱스,260930.KQ
1129,아모그린텍,125210.KQ
1130,아미노로직스,074430.KQ
1131,아시아종묘,154030.KQ
1132,아이디스,143160.KQ
1133,아이앤씨,052860.KQ
1134,아이에스이커머스,069920.KQ
1135,아이엠,101390.KQ
1136,아진엑스텍,059120.KQ
1137,아톤,158430.KQ
1138,알엔투테크놀로지,148250.KQ
1139,앤씨앤,092600.KQ
1140,에너토크,019990.KQ
1141,에스엠,041510.KQ
1142,에스코넥,096630.KQ
1143,에스티아이,039440.KQ
1144,에이아이비트,039230.KQ
1145,에이치케이,044780.KQ
1146,에이텍,045660.KQ
1147,에코프로,086520.KQ
1148,엔지스테크널러지,208860.KQ
1149,오리엔탈정공,014940.KQ
1150,오리콤,010470.KQ
1151,오스템,031510.KQ
1152,우리기술,032820.KQ
1153,우정바이오,215380.KQ
1154,월덱스,101160.KQ
1155,웰크론한텍,076080.KQ
1156,웹스,196700.KQ
1157,윙입푸드,900340.KQ
1158,유니셈,036200.KQ
1159,유니트론텍,142210.KQ
1160,유진기업,023410.KQ
1161,유진로봇,056080.KQ
1162,율호,072770.KQ
1163,이라이콤,041520.KQ
1164,이스트아시아홀딩스,900110.KQ
1165,이엔에프테크놀로지,102710.KQ
1166,이원컴포텍,088290.KQ
1167,이지바이오,035810.KQ
1168,이크레더블,092130.KQ
1169,이화전기,024810.KQ
1170,인터파크홀딩스,035080.KQ
1171,인트론바이오,048530.KQ
1172,인프라웨어,041020.KQ
1173,일진파워,094820.KQ
1174,자비스,254120.KQ
1175,정원엔시스,045510.KQ
1176,제노포커스,187420.KQ
1177,제룡산업,147830.KQ
1178,제이에스티나,026040.KQ
1179,조이시티,067000.KQ
1180,중앙에너비스,000440.KQ
1181,지에스이,053050.KQ
1182,차바이오텍,085660.KQ
1183,창해에탄올,004650.KQ
1184,청담러닝,096240.KQ
1185,카페24,042000.KQ
1186,캐리소프트,317530.KQ
1187,케어랩스,263700.KQ
1188,케이알피앤이,060900.KQ
1189,케이엔더블유,105330.KQ
1190,케이엔제이,272110.KQ
1191,케이엠,083550.KQ
1192,케이엠제약,225430.KQ
1193,케이프,064820.KQ
1194,켐트로닉스,089010.KQ
1195,켐트로스,220260.KQ
1196,코닉글로리,094860.KQ
1197,코디엠,224060.KQ
1198,코리아에프티,123410.KQ
1199,큐로홀딩스,051780.KQ
1200,태광,023160.KQ
1201,투비소프트,079970.KQ
1202,티피씨글로벌,130740.KQ
1203,파크시스템스,140860.KQ
1204,파트론,091700.KQ
1205,파티게임즈,194510.KQ
1206,팬젠,222110.KQ
1207,포스코엠텍,009520.KQ
1208,포인트엔지니어링,256630.KQ
1209,푸른기술,094940.KQ
1210,퓨쳐스트림네트웍스,214270.KQ
1211,피앤씨테크,237750.KQ
1212,피앤이솔루션,131390.KQ
1213,필로시스헬스케어,057880.KQ
1214,하나금융11호스팩,284620.KQ
1215,하나머스트제6호스팩,307160.KQ
1216,하림지주,003380.KQ
1217,하이소닉,106080.KQ
1218,하이제5호스팩,340120.KQ
1219,하이텍팜,106190.KQ
1220,한국가구,004590.KQ
1221,한국정밀기계,101680.KQ
1222,한빛소프트,047080.KQ
1223,한송네오텍,226440.KQ
1224,현대통신,039010.KQ
1225,화일약품,061250.KQ
1226,화진,134780.KQ
1227,휘닉스소재,050090.KQ
1228,휴온스글로벌,084110.KQ
1229,AP시스템,265520.KQ
1230,AP위성,211270.KQ
1231,GV,045890.KQ
1232,KT서브마린,060370.KQ
1233,S&K폴리텍,091340.KQ
1234,SFA반도체,036540.KQ
1235,SGA솔루션즈,184230.KQ
1236,THE MIDONG,161570.KQ
1237,YTN,040300.KQ
1238,강원,114190.KQ
1239,골프존뉴딘홀딩스,121440.KQ
1240,글로벌에스엠,900070.KQ
1241,글로스퍼랩스,032860.KQ
1242,금화피에스시,036190.KQ
1243,까스텔바작,308100.KQ
1244,나무가,190510.KQ
1245,네오팜,092730.KQ
1246,네온테크,306620.KQ
1247,넥스트아이,137940.KQ
1248,농우바이오,054050.KQ
1249,뉴트리,270870.KQ
1250,다나와,119860.KQ
1251,다믈멀티미디어,093640.KQ
1252,대동스틸,048470.KQ
1253,대보마그네틱,290670.KQ
1254,대신밸런스제8호스팩,336570.KQ
1255,대한광통신,010170.KQ
1256,데이타솔루션,263800.KQ
1257,덱스터,206560.KQ
1258,도이치모터스,067990.KQ
1259,동원개발,013120.KQ
1260,동일금속,109860.KQ
1261,동화기업,025900.KQ
1262,드림시큐리티,203650.KQ
1263,드림어스컴퍼니,060570.KQ
1264,디딤,217620.KQ
1265,디에이테크놀로지,196490.KQ
1266,디지캡,197140.KQ
1267,디지탈옵틱,106520.KQ
1268,레몬,294140.KQ
1269,로보티즈,108490.KQ
1270,로체시스템즈,071280.KQ
1271,루멘스,038060.KQ
1272,루트로닉,085370.KQ
1273,리노공업,058470.KQ
1274,마크로젠,038290.KQ
1275,매커스,093520.KQ
1276,메디아나,041920.KQ
1277,멕아이씨에스,058110.KQ
1278,모다,149940.KQ
1279,모바일리더,100030.KQ
1280,바이오제네틱스,044480.KQ
1281,배럴,267790.KQ
1282,백금T&A,046310.KQ
1283,베스파,299910.KQ
1284,보성파워텍,006910.KQ
1285,브이원텍,251630.KQ
1286,비씨월드제약,200780.KQ
1287,비아트론,141000.KQ
1288,빛샘전자,072950.KQ
1289,상상인이안제2호스팩,329560.KQ
1290,상상인인더스트리,101000.KQ
1291,서울제약,018680.KQ
1292,서전기전,189860.KQ
1293,서희건설,035890.KQ
1294,성광벤드,014620.KQ
1295,세동,053060.KQ
1296,세미콘라이트,214310.KQ
1297,셀리드,299660.KQ
1298,솔브레인,036830.KQ
1299,솔트웍스,230980.KQ
1300,수젠텍,253840.KQ
1301,슈프리마아이디,317770.KQ
1302,스카이이앤엠,131100.KQ
1303,신영스팩6호,344050.KQ
1304,신일제약,012790.KQ
1305,싸이맥스,160980.KQ
1306,썸에이지,208640.KQ
1307,쏠리드,050890.KQ
1308,씨아이에스,222080.KQ
1309,씨에스베어링,297090.KQ
1310,아바코,083930.KQ
1311,아이스크림에듀,289010.KQ
1312,아이텍,119830.KQ
1313,알로이스,297570.KQ
1314,양지사,030960.KQ
1315,에스씨디,042110.KQ
1316,에스텍,069510.KQ
1317,에스폴리텍,050760.KQ
1318,에스피시스템스,317830.KQ
1319,에이디테크놀로지,200710.KQ
1320,에이치엘비생명과학,067630.KQ
1321,에이치엘비파워,043220.KQ
1322,에치에프알,230240.KQ
1323,엔시트론,101400.KQ
1324,엘앤씨바이오,290650.KQ
1325,엘앤에프,066970.KQ
1326,엘티씨,170920.KQ
1327,영우디에스피,143540.KQ
1328,영풍정밀,036560.KQ
1329,예선테크,250930.KQ
1330,오리엔트정공,065500.KQ
1331,오스코텍,039200.KQ
1332,오파스넷,173130.KQ
1333,올릭스,226950.KQ
1334,옴니시스템,057540.KQ
1335,옴니텔,057680.KQ
1336,와토스코리아,079000.KQ
1337,우리이앤엘,153490.KQ
1338,우원개발,046940.KQ
1339,위즈코프,038620.KQ
1340,윈팩,097800.KQ
1341,유바이오로직스,206650.KQ
1342,유비케어,032620.KQ
1343,유비쿼스홀딩스,078070.KQ
1344,유안타제3호스팩,287410.KQ
1345,유진스팩4호,321260.KQ
1346,이노메트리,302430.KQ
1347,이미지스,115610.KQ
1348,이베스트이안스팩1호,323210.KQ
1349,이씨에스,067010.KQ
1350,이오테크닉스,039030.KQ
1351,인트로메딕,150840.KQ
1352,인화정공,101930.KQ
1353,자안,221610.KQ
1354,자연과환경,043910.KQ
1355,전진바이오팜,110020.KQ
1356,정산애강,022220.KQ
1357,제넥신,095700.KQ
1358,제이브이엠,054950.KQ
1359,제이엔케이히터,126880.KQ
1360,제이엘케이,322510.KQ
1361,제일테크노스,038010.KQ
1362,제테마,216080.KQ
1363,중앙오션,054180.KQ
1364,지엘팜텍,204840.KQ
1365,지와이커머스,111820.KQ
1366,진양제약,007370.KQ
1367,천랩,311690.KQ
1368,천보,278280.KQ
1369,캔서롭,180400.KQ
1370,케이맥,043290.KQ
1371,케이엘넷,039420.KQ
1372,케이엠더블유,032500.KQ
1373,케이프이에스제4호,347140.KQ
1374,코렌텍,104540.KQ
1375,코리아나,027050.KQ
1376,코스나인,082660.KQ
1377,코오롱생명과학,102940.KQ
1378,코오롱티슈진,950160.KQ
1379,코윈테크,282880.KQ
1380,코콤,015710.KQ
1381,큐에스아이,066310.KQ
1382,크루셜텍,114120.KQ
1383,크리스에프앤씨,110790.KQ
1384,클래시스,214150.KQ
1385,키네마스터,139670.KQ
1386,테라젠이텍스,066700.KQ
1387,테스,095610.KQ
1388,텔레칩스,054450.KQ
1389,텔레필드,091440.KQ
1390,톱텍,108230.KQ
1391,티비씨,033830.KQ
1392,티플랙스,081150.KQ
1393,포비스티앤씨,016670.KQ
1394,퓨전,195440.KQ
1395,프럼파스트,035200.KQ
1396,플리토,300080.KQ
1397,피제이전자,006140.KQ
1398,하림,136480.KQ
1399,하이비젼시스템,126700.KQ
1400,하츠,066130.KQ
1401,한국기업평가,034950.KQ
1402,한국제6호스팩,281410.KQ
1403,한네트,052600.KQ
1404,한라IMS,092460.KQ
1405,한류AI센터,222810.KQ
1406,해성산업,034810.KQ
1407,해성옵틱스,076610.KQ
1408,핸디소프트,220180.KQ
1409,현진소재,053660.KQ
1410,홈센타홀딩스,060560.KQ
1411,힘스,238490.KQ
